File Name,File Version,Update Date,Week Ending Date,Formatted Date,SSA Month,SSA Weeks in Month,SSA Quarter Date,Fiscal Year,Fiscal Quarter Number,Fiscal Week,Calendar Year,Calendar Quarter Number,Calendar Quarter Date,Notes,,Fiscal Quarter Number,
SSA-DATES1.csv,1,6/1/2010,10/6/2000,10/6/2000,2000-10,4,2000-12,2001,2001-1,1,2000,2000-4,2000-12,,,2001,1
SSA-DATES1.csv,1,6/1/2010,10/13/2000,10/13/2000,2000-10,4,2000-12,2001,2001-1,2,2000,2000-4,2000-12,,,2001,1
SSA-DATES1.csv,1,6/1/2010,10/20/2000,10/20/2000,2000-10,4,2000-12,2001,2001-1,3,2000,2000-4,2000-12,,,2001,1
SSA-DATES1.csv,1,6/1/2010,10/27/2000,10/27/2000,2000-10,4,2000-12,2001,2001-1,4,2000,2000-4,2000-12,,,2001,1
SSA-DATES1.csv,1,6/1/2010,11/3/2000,11/3/2000,2000-11,4,2000-12,2001,2001-1,5,2000,2000-4,2000-12,,,2001,1
SSA-DATES1.csv,1,6/1/2010,11/10/2000,11/10/2000,2000-11,4,2000-12,2001,2001-1,6,2000,2000-4,2000-12,,,2001,1
SSA-DATES1.csv,1,6/1/2010,11/17/2000,11/17/2000,2000-11,4,2000-12,2001,2001-1,7,2000,2000-4,2000-12,,,2001,1
SSA-DATES1.csv,1,6/1/2010,11/24/2000,11/24/2000,2000-11,4,2000-12,2001,2001-1,8,2000,2000-4,2000-12,,,2001,1
SSA-DATES1.csv,1,6/1/2010,12/1/2000,12/1/2000,2000-12,5,2000-12,2001,2001-1,9,2000,2000-4,2000-12,,,2001,1
SSA-DATES1.csv,1,6/1/2010,12/8/2000,12/8/2000,2000-12,5,2000-12,2001,2001-1,10,2000,2000-4,2000-12,,,2001,1
SSA-DATES1.csv,1,6/1/2010,12/15/2000,12/15/2000,2000-12,5,2000-12,2001,2001-1,11,2000,2000-4,2000-12,,,2001,1
SSA-DATES1.csv,1,6/1/2010,12/22/2000,12/22/2000,2000-12,5,2000-12,2001,2001-1,12,2000,2000-4,2000-12,,,2001,1
SSA-DATES1.csv,1,6/1/2010,12/29/2000,12/29/2000,2000-12,5,2000-12,2001,2001-1,13,2000,2000-4,2000-12,,,2001,1
SSA-DATES1.csv,1,6/1/2010,1/5/2001,1/5/2001,2001-01,4,2001-03,2001,2001-2,14,2001,2001-1,2001-03,,,2001,2
SSA-DATES1.csv,1,6/1/2010,1/12/2001,1/12/2001,2001-01,4,2001-03,2001,2001-2,15,2001,2001-1,2001-03,,,2001,2
SSA-DATES1.csv,1,6/1/2010,1/19/2001,1/19/2001,2001-01,4,2001-03,2001,2001-2,16,2001,2001-1,2001-03,,,2001,2
SSA-DATES1.csv,1,6/1/2010,1/26/2001,1/26/2001,2001-01,4,2001-03,2001,2001-2,17,2001,2001-1,2001-03,,,2001,2
SSA-DATES1.csv,1,6/1/2010,2/2/2001,2/2/2001,2001-02,4,2001-03,2001,2001-2,18,2001,2001-1,2001-03,,,2001,2
SSA-DATES1.csv,1,6/1/2010,2/9/2001,2/9/2001,2001-02,4,2001-03,2001,2001-2,19,2001,2001-1,2001-03,,,2001,2
SSA-DATES1.csv,1,6/1/2010,2/16/2001,2/16/2001,2001-02,4,2001-03,2001,2001-2,20,2001,2001-1,2001-03,,,2001,2
SSA-DATES1.csv,1,6/1/2010,2/23/2001,2/23/2001,2001-02,4,2001-03,2001,2001-2,21,2001,2001-1,2001-03,,,2001,2
SSA-DATES1.csv,1,6/1/2010,3/2/2001,3/2/2001,2001-03,5,2001-03,2001,2001-2,22,2001,2001-1,2001-03,,,2001,2
SSA-DATES1.csv,1,6/1/2010,3/9/2001,3/9/2001,2001-03,5,2001-03,2001,2001-2,23,2001,2001-1,2001-03,,,2001,2
SSA-DATES1.csv,1,6/1/2010,3/16/2001,3/16/2001,2001-03,5,2001-03,2001,2001-2,24,2001,2001-1,2001-03,,,2001,2
SSA-DATES1.csv,1,6/1/2010,3/23/2001,3/23/2001,2001-03,5,2001-03,2001,2001-2,25,2001,2001-1,2001-03,,,2001,2
SSA-DATES1.csv,1,6/1/2010,3/30/2001,3/30/2001,2001-03,5,2001-03,2001,2001-2,26,2001,2001-1,2001-03,,,2001,2
SSA-DATES1.csv,1,6/1/2010,4/6/2001,4/6/2001,2001-04,4,2001-06,2001,2001-3,27,2001,2001-2,2001-06,,,2001,3
SSA-DATES1.csv,1,6/1/2010,4/13/2001,4/13/2001,2001-04,4,2001-06,2001,2001-3,28,2001,2001-2,2001-06,,,2001,3
SSA-DATES1.csv,1,6/1/2010,4/20/2001,4/20/2001,2001-04,4,2001-06,2001,2001-3,29,2001,2001-2,2001-06,,,2001,3
SSA-DATES1.csv,1,6/1/2010,4/27/2001,4/27/2001,2001-04,4,2001-06,2001,2001-3,30,2001,2001-2,2001-06,,,2001,3
SSA-DATES1.csv,1,6/1/2010,5/4/2001,5/4/2001,2001-05,4,2001-06,2001,2001-3,31,2001,2001-2,2001-06,,,2001,3
SSA-DATES1.csv,1,6/1/2010,5/11/2001,5/11/2001,2001-05,4,2001-06,2001,2001-3,32,2001,2001-2,2001-06,,,2001,3
SSA-DATES1.csv,1,6/1/2010,5/18/2001,5/18/2001,2001-05,4,2001-06,2001,2001-3,33,2001,2001-2,2001-06,,,2001,3
SSA-DATES1.csv,1,6/1/2010,5/25/2001,5/25/2001,2001-05,4,2001-06,2001,2001-3,34,2001,2001-2,2001-06,,,2001,3
SSA-DATES1.csv,1,6/1/2010,6/1/2001,6/1/2001,2001-06,5,2001-06,2001,2001-3,35,2001,2001-2,2001-06,,,2001,3
SSA-DATES1.csv,1,6/1/2010,6/8/2001,6/8/2001,2001-06,5,2001-06,2001,2001-3,36,2001,2001-2,2001-06,,,2001,3
SSA-DATES1.csv,1,6/1/2010,6/15/2001,6/15/2001,2001-06,5,2001-06,2001,2001-3,37,2001,2001-2,2001-06,,,2001,3
SSA-DATES1.csv,1,6/1/2010,6/22/2001,6/22/2001,2001-06,5,2001-06,2001,2001-3,38,2001,2001-2,2001-06,,,2001,3
SSA-DATES1.csv,1,6/1/2010,6/29/2001,6/29/2001,2001-06,5,2001-06,2001,2001-3,39,2001,2001-2,2001-06,,,2001,3
SSA-DATES1.csv,1,6/1/2010,7/6/2001,7/6/2001,2001-07,4,2001-09,2001,2001-4,40,2001,2001-3,2001-09,,,2001,4
SSA-DATES1.csv,1,6/1/2010,7/13/2001,7/13/2001,2001-07,4,2001-09,2001,2001-4,41,2001,2001-3,2001-09,,,2001,4
SSA-DATES1.csv,1,6/1/2010,7/20/2001,7/20/2001,2001-07,4,2001-09,2001,2001-4,42,2001,2001-3,2001-09,,,2001,4
SSA-DATES1.csv,1,6/1/2010,7/27/2001,7/27/2001,2001-07,4,2001-09,2001,2001-4,43,2001,2001-3,2001-09,,,2001,4
SSA-DATES1.csv,1,6/1/2010,8/3/2001,8/3/2001,2001-08,5,2001-09,2001,2001-4,44,2001,2001-3,2001-09,,,2001,4
SSA-DATES1.csv,1,6/1/2010,8/10/2001,8/10/2001,2001-08,5,2001-09,2001,2001-4,45,2001,2001-3,2001-09,,,2001,4
SSA-DATES1.csv,1,6/1/2010,8/17/2001,8/17/2001,2001-08,5,2001-09,2001,2001-4,46,2001,2001-3,2001-09,,,2001,4
SSA-DATES1.csv,1,6/1/2010,8/24/2001,8/24/2001,2001-08,5,2001-09,2001,2001-4,47,2001,2001-3,2001-09,,,2001,4
SSA-DATES1.csv,1,6/1/2010,8/31/2001,8/31/2001,2001-08,5,2001-09,2001,2001-4,48,2001,2001-3,2001-09,,,2001,4
SSA-DATES1.csv,1,6/1/2010,9/7/2001,9/7/2001,2001-09,4,2001-09,2001,2001-4,49,2001,2001-3,2001-09,,,2001,4
SSA-DATES1.csv,1,6/1/2010,9/14/2001,9/14/2001,2001-09,4,2001-09,2001,2001-4,50,2001,2001-3,2001-09,,,2001,4
SSA-DATES1.csv,1,6/1/2010,9/21/2001,9/21/2001,2001-09,4,2001-09,2001,2001-4,51,2001,2001-3,2001-09,,,2001,4
SSA-DATES1.csv,1,6/1/2010,9/28/2001,9/28/2001,2001-09,4,2001-09,2001,2001-4,52,2001,2001-3,2001-09,,,2001,4
SSA-DATES1.csv,1,6/1/2010,10/5/2001,10/5/2001,2001-10,4,2001-12,2002,2002-1,1,2001,2001-4,2001-12,,,2002,1
SSA-DATES1.csv,1,6/1/2010,10/12/2001,10/12/2001,2001-10,4,2001-12,2002,2002-1,2,2001,2001-4,2001-12,,,2002,1
SSA-DATES1.csv,1,6/1/2010,10/19/2001,10/19/2001,2001-10,4,2001-12,2002,2002-1,3,2001,2001-4,2001-12,,,2002,1
SSA-DATES1.csv,1,6/1/2010,10/26/2001,10/26/2001,2001-10,4,2001-12,2002,2002-1,4,2001,2001-4,2001-12,,,2002,1
SSA-DATES1.csv,1,6/1/2010,11/2/2001,11/2/2001,2001-11,5,2001-12,2002,2002-1,5,2001,2001-4,2001-12,,,2002,1
SSA-DATES1.csv,1,6/1/2010,11/9/2001,11/9/2001,2001-11,5,2001-12,2002,2002-1,6,2001,2001-4,2001-12,,,2002,1
SSA-DATES1.csv,1,6/1/2010,11/16/2001,11/16/2001,2001-11,5,2001-12,2002,2002-1,7,2001,2001-4,2001-12,,,2002,1
SSA-DATES1.csv,1,6/1/2010,11/23/2001,11/23/2001,2001-11,5,2001-12,2002,2002-1,8,2001,2001-4,2001-12,,,2002,1
SSA-DATES1.csv,1,6/1/2010,11/30/2001,11/30/2001,2001-11,5,2001-12,2002,2002-1,9,2001,2001-4,2001-12,,,2002,1
SSA-DATES1.csv,1,6/1/2010,12/7/2001,12/7/2001,2001-12,4,2001-12,2002,2002-1,10,2001,2001-4,2001-12,,,2002,1
SSA-DATES1.csv,1,6/1/2010,12/14/2001,12/14/2001,2001-12,4,2001-12,2002,2002-1,11,2001,2001-4,2001-12,,,2002,1
SSA-DATES1.csv,1,6/1/2010,12/21/2001,12/21/2001,2001-12,4,2001-12,2002,2002-1,12,2001,2001-4,2001-12,,,2002,1
SSA-DATES1.csv,1,6/1/2010,12/28/2001,12/28/2001,2001-12,4,2001-12,2002,2002-1,13,2001,2001-4,2001-12,,,2002,1
SSA-DATES1.csv,1,6/1/2010,1/4/2002,1/4/2002,2002-01,4,2002-03,2002,2002-2,14,2002,2002-1,2002-03,,,2002,2
SSA-DATES1.csv,1,6/1/2010,1/11/2002,1/11/2002,2002-01,4,2002-03,2002,2002-2,15,2002,2002-1,2002-03,,,2002,2
SSA-DATES1.csv,1,6/1/2010,1/18/2002,1/18/2002,2002-01,4,2002-03,2002,2002-2,16,2002,2002-1,2002-03,,,2002,2
SSA-DATES1.csv,1,6/1/2010,1/25/2002,1/25/2002,2002-01,4,2002-03,2002,2002-2,17,2002,2002-1,2002-03,,,2002,2
SSA-DATES1.csv,1,6/1/2010,2/1/2002,2/1/2002,2002-02,4,2002-03,2002,2002-2,18,2002,2002-1,2002-03,,,2002,2
SSA-DATES1.csv,1,6/1/2010,2/8/2002,2/8/2002,2002-02,4,2002-03,2002,2002-2,19,2002,2002-1,2002-03,,,2002,2
SSA-DATES1.csv,1,6/1/2010,2/15/2002,2/15/2002,2002-02,4,2002-03,2002,2002-2,20,2002,2002-1,2002-03,,,2002,2
SSA-DATES1.csv,1,6/1/2010,2/22/2002,2/22/2002,2002-02,4,2002-03,2002,2002-2,21,2002,2002-1,2002-03,,,2002,2
SSA-DATES1.csv,1,6/1/2010,3/1/2002,3/1/2002,2002-03,5,2002-03,2002,2002-2,22,2002,2002-1,2002-03,,,2002,2
SSA-DATES1.csv,1,6/1/2010,3/8/2002,3/8/2002,2002-03,5,2002-03,2002,2002-2,23,2002,2002-1,2002-03,,,2002,2
SSA-DATES1.csv,1,6/1/2010,3/15/2002,3/15/2002,2002-03,5,2002-03,2002,2002-2,24,2002,2002-1,2002-03,,,2002,2
SSA-DATES1.csv,1,6/1/2010,3/22/2002,3/22/2002,2002-03,5,2002-03,2002,2002-2,25,2002,2002-1,2002-03,,,2002,2
SSA-DATES1.csv,1,6/1/2010,3/29/2002,3/29/2002,2002-03,5,2002-03,2002,2002-2,26,2002,2002-1,2002-03,,,2002,2
SSA-DATES1.csv,1,6/1/2010,4/5/2002,4/5/2002,2002-04,4,2002-06,2002,2002-3,27,2002,2002-2,2002-06,,,2002,3
SSA-DATES1.csv,1,6/1/2010,4/12/2002,4/12/2002,2002-04,4,2002-06,2002,2002-3,28,2002,2002-2,2002-06,,,2002,3
SSA-DATES1.csv,1,6/1/2010,4/19/2002,4/19/2002,2002-04,4,2002-06,2002,2002-3,29,2002,2002-2,2002-06,,,2002,3
SSA-DATES1.csv,1,6/1/2010,4/26/2002,4/26/2002,2002-04,4,2002-06,2002,2002-3,30,2002,2002-2,2002-06,,,2002,3
SSA-DATES1.csv,1,6/1/2010,5/3/2002,5/3/2002,2002-05,5,2002-06,2002,2002-3,31,2002,2002-2,2002-06,,,2002,3
SSA-DATES1.csv,1,6/1/2010,5/10/2002,5/10/2002,2002-05,5,2002-06,2002,2002-3,32,2002,2002-2,2002-06,,,2002,3
SSA-DATES1.csv,1,6/1/2010,5/17/2002,5/17/2002,2002-05,5,2002-06,2002,2002-3,33,2002,2002-2,2002-06,,,2002,3
SSA-DATES1.csv,1,6/1/2010,5/24/2002,5/24/2002,2002-05,5,2002-06,2002,2002-3,34,2002,2002-2,2002-06,,,2002,3
SSA-DATES1.csv,1,6/1/2010,5/31/2002,5/31/2002,2002-05,5,2002-06,2002,2002-3,35,2002,2002-2,2002-06,,,2002,3
SSA-DATES1.csv,1,6/1/2010,6/7/2002,6/7/2002,2002-06,4,2002-06,2002,2002-3,36,2002,2002-2,2002-06,,,2002,3
SSA-DATES1.csv,1,6/1/2010,6/14/2002,6/14/2002,2002-06,4,2002-06,2002,2002-3,37,2002,2002-2,2002-06,,,2002,3
SSA-DATES1.csv,1,6/1/2010,6/21/2002,6/21/2002,2002-06,4,2002-06,2002,2002-3,38,2002,2002-2,2002-06,,,2002,3
SSA-DATES1.csv,1,6/1/2010,6/28/2002,6/28/2002,2002-06,4,2002-06,2002,2002-3,39,2002,2002-2,2002-06,,,2002,3
SSA-DATES1.csv,1,6/1/2010,7/5/2002,7/5/2002,2002-07,4,2002-09,2002,2002-4,40,2002,2002-3,2002-09,,,2002,4
SSA-DATES1.csv,1,6/1/2010,7/12/2002,7/12/2002,2002-07,4,2002-09,2002,2002-4,41,2002,2002-3,2002-09,,,2002,4
SSA-DATES1.csv,1,6/1/2010,7/19/2002,7/19/2002,2002-07,4,2002-09,2002,2002-4,42,2002,2002-3,2002-09,,,2002,4
SSA-DATES1.csv,1,6/1/2010,7/26/2002,7/26/2002,2002-07,4,2002-09,2002,2002-4,43,2002,2002-3,2002-09,,,2002,4
SSA-DATES1.csv,1,6/1/2010,8/2/2002,8/2/2002,2002-08,5,2002-09,2002,2002-4,44,2002,2002-3,2002-09,,,2002,4
SSA-DATES1.csv,1,6/1/2010,8/9/2002,8/9/2002,2002-08,5,2002-09,2002,2002-4,45,2002,2002-3,2002-09,,,2002,4
SSA-DATES1.csv,1,6/1/2010,8/16/2002,8/16/2002,2002-08,5,2002-09,2002,2002-4,46,2002,2002-3,2002-09,,,2002,4
SSA-DATES1.csv,1,6/1/2010,8/23/2002,8/23/2002,2002-08,5,2002-09,2002,2002-4,47,2002,2002-3,2002-09,,,2002,4
SSA-DATES1.csv,1,6/1/2010,8/30/2002,8/30/2002,2002-08,5,2002-09,2002,2002-4,48,2002,2002-3,2002-09,,,2002,4
SSA-DATES1.csv,1,6/1/2010,9/6/2002,9/6/2002,2002-09,4,2002-09,2002,2002-4,49,2002,2002-3,2002-09,,,2002,4
SSA-DATES1.csv,1,6/1/2010,9/13/2002,9/13/2002,2002-09,4,2002-09,2002,2002-4,50,2002,2002-3,2002-09,,,2002,4
SSA-DATES1.csv,1,6/1/2010,9/20/2002,9/20/2002,2002-09,4,2002-09,2002,2002-4,51,2002,2002-3,2002-09,,,2002,4
SSA-DATES1.csv,1,6/1/2010,9/27/2002,9/27/2002,2002-09,4,2002-09,2002,2002-4,52,2002,2002-3,2002-09,,,2002,4
SSA-DATES1.csv,1,6/1/2010,10/4/2002,10/4/2002,2002-10,4,2002-12,2003,2003-1,1,2002,2002-4,2002-12,,,2003,1
SSA-DATES1.csv,1,6/1/2010,10/11/2002,10/11/2002,2002-10,4,2002-12,2003,2003-1,2,2002,2002-4,2002-12,,,2003,1
SSA-DATES1.csv,1,6/1/2010,10/18/2002,10/18/2002,2002-10,4,2002-12,2003,2003-1,3,2002,2002-4,2002-12,,,2003,1
SSA-DATES1.csv,1,6/1/2010,10/25/2002,10/25/2002,2002-10,4,2002-12,2003,2003-1,4,2002,2002-4,2002-12,,,2003,1
SSA-DATES1.csv,1,6/1/2010,11/1/2002,11/1/2002,2002-11,5,2002-12,2003,2003-1,5,2002,2002-4,2002-12,,,2003,1
SSA-DATES1.csv,1,6/1/2010,11/8/2002,11/8/2002,2002-11,5,2002-12,2003,2003-1,6,2002,2002-4,2002-12,,,2003,1
SSA-DATES1.csv,1,6/1/2010,11/15/2002,11/15/2002,2002-11,5,2002-12,2003,2003-1,7,2002,2002-4,2002-12,,,2003,1
SSA-DATES1.csv,1,6/1/2010,11/22/2002,11/22/2002,2002-11,5,2002-12,2003,2003-1,8,2002,2002-4,2002-12,,,2003,1
SSA-DATES1.csv,1,6/1/2010,11/29/2002,11/29/2002,2002-11,5,2002-12,2003,2003-1,9,2002,2002-4,2002-12,,,2003,1
SSA-DATES1.csv,1,6/1/2010,12/6/2002,12/6/2002,2002-12,4,2002-12,2003,2003-1,10,2002,2002-4,2002-12,,,2003,1
SSA-DATES1.csv,1,6/1/2010,12/13/2002,12/13/2002,2002-12,4,2002-12,2003,2003-1,11,2002,2002-4,2002-12,,,2003,1
SSA-DATES1.csv,1,6/1/2010,12/20/2002,12/20/2002,2002-12,4,2002-12,2003,2003-1,12,2002,2002-4,2002-12,,,2003,1
SSA-DATES1.csv,1,6/1/2010,12/27/2002,12/27/2002,2002-12,4,2002-12,2003,2003-1,13,2002,2002-4,2002-12,,,2003,1
SSA-DATES1.csv,1,6/1/2010,1/3/2003,1/3/2003,2003-01,5,2003-03,2003,2003-2,14,2003,2003-1,2003-03,,,2003,2
SSA-DATES1.csv,1,6/1/2010,1/10/2003,1/10/2003,2003-01,5,2003-03,2003,2003-2,15,2003,2003-1,2003-03,,,2003,2
SSA-DATES1.csv,1,6/1/2010,1/17/2003,1/17/2003,2003-01,5,2003-03,2003,2003-2,16,2003,2003-1,2003-03,,,2003,2
SSA-DATES1.csv,1,6/1/2010,1/24/2003,1/24/2003,2003-01,5,2003-03,2003,2003-2,17,2003,2003-1,2003-03,,,2003,2
SSA-DATES1.csv,1,6/1/2010,1/31/2003,1/31/2003,2003-01,5,2003-03,2003,2003-2,18,2003,2003-1,2003-03,,,2003,2
SSA-DATES1.csv,1,6/1/2010,2/7/2003,2/7/2003,2003-02,4,2003-03,2003,2003-2,19,2003,2003-1,2003-03,,,2003,2
SSA-DATES1.csv,1,6/1/2010,2/14/2003,2/14/2003,2003-02,4,2003-03,2003,2003-2,20,2003,2003-1,2003-03,,,2003,2
SSA-DATES1.csv,1,6/1/2010,2/21/2003,2/21/2003,2003-02,4,2003-03,2003,2003-2,21,2003,2003-1,2003-03,,,2003,2
SSA-DATES1.csv,1,6/1/2010,2/28/2003,2/28/2003,2003-02,4,2003-03,2003,2003-2,22,2003,2003-1,2003-03,,,2003,2
SSA-DATES1.csv,1,6/1/2010,3/7/2003,3/7/2003,2003-03,4,2003-03,2003,2003-2,23,2003,2003-1,2003-03,,,2003,2
SSA-DATES1.csv,1,6/1/2010,3/14/2003,3/14/2003,2003-03,4,2003-03,2003,2003-2,24,2003,2003-1,2003-03,,,2003,2
SSA-DATES1.csv,1,6/1/2010,3/21/2003,3/21/2003,2003-03,4,2003-03,2003,2003-2,25,2003,2003-1,2003-03,,,2003,2
SSA-DATES1.csv,1,6/1/2010,3/28/2003,3/28/2003,2003-03,4,2003-03,2003,2003-2,26,2003,2003-1,2003-03,,,2003,2
SSA-DATES1.csv,1,6/1/2010,4/4/2003,4/4/2003,2003-04,4,2003-06,2003,2003-3,27,2003,2003-2,2003-06,,,2003,3
SSA-DATES1.csv,1,6/1/2010,4/11/2003,4/11/2003,2003-04,4,2003-06,2003,2003-3,28,2003,2003-2,2003-06,,,2003,3
SSA-DATES1.csv,1,6/1/2010,4/18/2003,4/18/2003,2003-04,4,2003-06,2003,2003-3,29,2003,2003-2,2003-06,,,2003,3
SSA-DATES1.csv,1,6/1/2010,4/25/2003,4/25/2003,2003-04,4,2003-06,2003,2003-3,30,2003,2003-2,2003-06,,,2003,3
SSA-DATES1.csv,1,6/1/2010,5/2/2003,5/2/2003,2003-05,5,2003-06,2003,2003-3,31,2003,2003-2,2003-06,,,2003,3
SSA-DATES1.csv,1,6/1/2010,5/9/2003,5/9/2003,2003-05,5,2003-06,2003,2003-3,32,2003,2003-2,2003-06,,,2003,3
SSA-DATES1.csv,1,6/1/2010,5/16/2003,5/16/2003,2003-05,5,2003-06,2003,2003-3,33,2003,2003-2,2003-06,,,2003,3
SSA-DATES1.csv,1,6/1/2010,5/23/2003,5/23/2003,2003-05,5,2003-06,2003,2003-3,34,2003,2003-2,2003-06,,,2003,3
SSA-DATES1.csv,1,6/1/2010,5/30/2003,5/30/2003,2003-05,5,2003-06,2003,2003-3,35,2003,2003-2,2003-06,,,2003,3
SSA-DATES1.csv,1,6/1/2010,6/6/2003,6/6/2003,2003-06,4,2003-06,2003,2003-3,36,2003,2003-2,2003-06,,,2003,3
SSA-DATES1.csv,1,6/1/2010,6/13/2003,6/13/2003,2003-06,4,2003-06,2003,2003-3,37,2003,2003-2,2003-06,,,2003,3
SSA-DATES1.csv,1,6/1/2010,6/20/2003,6/20/2003,2003-06,4,2003-06,2003,2003-3,38,2003,2003-2,2003-06,,,2003,3
SSA-DATES1.csv,1,6/1/2010,6/27/2003,6/27/2003,2003-06,4,2003-06,2003,2003-3,39,2003,2003-2,2003-06,,,2003,3
SSA-DATES1.csv,1,6/1/2010,7/4/2003,7/4/2003,2003-07,4,2003-09,2003,2003-4,40,2003,2003-3,2003-09,,,2003,4
SSA-DATES1.csv,1,6/1/2010,7/11/2003,7/11/2003,2003-07,4,2003-09,2003,2003-4,41,2003,2003-3,2003-09,,,2003,4
SSA-DATES1.csv,1,6/1/2010,7/18/2003,7/18/2003,2003-07,4,2003-09,2003,2003-4,42,2003,2003-3,2003-09,,,2003,4
SSA-DATES1.csv,1,6/1/2010,7/25/2003,7/25/2003,2003-07,4,2003-09,2003,2003-4,43,2003,2003-3,2003-09,,,2003,4
SSA-DATES1.csv,1,6/1/2010,8/1/2003,8/1/2003,2003-08,5,2003-09,2003,2003-4,44,2003,2003-3,2003-09,,,2003,4
SSA-DATES1.csv,1,6/1/2010,8/8/2003,8/8/2003,2003-08,5,2003-09,2003,2003-4,45,2003,2003-3,2003-09,,,2003,4
SSA-DATES1.csv,1,6/1/2010,8/15/2003,8/15/2003,2003-08,5,2003-09,2003,2003-4,46,2003,2003-3,2003-09,,,2003,4
SSA-DATES1.csv,1,6/1/2010,8/22/2003,8/22/2003,2003-08,5,2003-09,2003,2003-4,47,2003,2003-3,2003-09,,,2003,4
SSA-DATES1.csv,1,6/1/2010,8/29/2003,8/29/2003,2003-08,5,2003-09,2003,2003-4,48,2003,2003-3,2003-09,,,2003,4
SSA-DATES1.csv,1,6/1/2010,9/5/2003,9/5/2003,2003-09,4,2003-09,2003,2003-4,49,2003,2003-3,2003-09,,,2003,4
SSA-DATES1.csv,1,6/1/2010,9/12/2003,9/12/2003,2003-09,4,2003-09,2003,2003-4,50,2003,2003-3,2003-09,,,2003,4
SSA-DATES1.csv,1,6/1/2010,9/19/2003,9/19/2003,2003-09,4,2003-09,2003,2003-4,51,2003,2003-3,2003-09,,,2003,4
SSA-DATES1.csv,1,6/1/2010,9/26/2003,9/26/2003,2003-09,4,2003-09,2003,2003-4,52,2003,2003-3,2003-09,,,2003,4
SSA-DATES1.csv,1,6/1/2010,10/3/2003,10/3/2003,2003-10,5,2003-12,2004,2004-1,1,2003,2003-4,2003-12,,,2004,1
SSA-DATES1.csv,1,6/1/2010,10/10/2003,10/10/2003,2003-10,5,2003-12,2004,2004-1,2,2003,2003-4,2003-12,,,2004,1
SSA-DATES1.csv,1,6/1/2010,10/17/2003,10/17/2003,2003-10,5,2003-12,2004,2004-1,3,2003,2003-4,2003-12,,,2004,1
SSA-DATES1.csv,1,6/1/2010,10/24/2003,10/24/2003,2003-10,5,2003-12,2004,2004-1,4,2003,2003-4,2003-12,,,2004,1
SSA-DATES1.csv,1,6/1/2010,10/31/2003,10/31/2003,2003-10,5,2003-12,2004,2004-1,5,2003,2003-4,2003-12,,,2004,1
SSA-DATES1.csv,1,6/1/2010,11/7/2003,11/7/2003,2003-11,4,2003-12,2004,2004-1,6,2003,2003-4,2003-12,,,2004,1
SSA-DATES1.csv,1,6/1/2010,11/14/2003,11/14/2003,2003-11,4,2003-12,2004,2004-1,7,2003,2003-4,2003-12,,,2004,1
SSA-DATES1.csv,1,6/1/2010,11/21/2003,11/21/2003,2003-11,4,2003-12,2004,2004-1,8,2003,2003-4,2003-12,,,2004,1
SSA-DATES1.csv,1,6/1/2010,11/28/2003,11/28/2003,2003-11,4,2003-12,2004,2004-1,9,2003,2003-4,2003-12,,,2004,1
SSA-DATES1.csv,1,6/1/2010,12/5/2003,12/5/2003,2003-12,4,2003-12,2004,2004-1,10,2003,2003-4,2003-12,,,2004,1
SSA-DATES1.csv,1,6/1/2010,12/12/2003,12/12/2003,2003-12,4,2003-12,2004,2004-1,11,2003,2003-4,2003-12,,,2004,1
SSA-DATES1.csv,1,6/1/2010,12/19/2003,12/19/2003,2003-12,4,2003-12,2004,2004-1,12,2003,2003-4,2003-12,,,2004,1
SSA-DATES1.csv,1,6/1/2010,12/26/2003,12/26/2003,2003-12,4,2003-12,2004,2004-1,13,2003,2003-4,2003-12,,,2004,1
SSA-DATES1.csv,1,6/1/2010,1/2/2004,1/2/2004,2004-01,5,2004-03,2004,2004-2,14,2004,2004-1,2004-03,,,2004,2
SSA-DATES1.csv,1,6/1/2010,1/9/2004,1/9/2004,2004-01,5,2004-03,2004,2004-2,15,2004,2004-1,2004-03,,,2004,2
SSA-DATES1.csv,1,6/1/2010,1/16/2004,1/16/2004,2004-01,5,2004-03,2004,2004-2,16,2004,2004-1,2004-03,,,2004,2
SSA-DATES1.csv,1,6/1/2010,1/23/2004,1/23/2004,2004-01,5,2004-03,2004,2004-2,17,2004,2004-1,2004-03,,,2004,2
SSA-DATES1.csv,1,6/1/2010,1/30/2004,1/30/2004,2004-01,5,2004-03,2004,2004-2,18,2004,2004-1,2004-03,,,2004,2
SSA-DATES1.csv,1,6/1/2010,2/6/2004,2/6/2004,2004-02,4,2004-03,2004,2004-2,19,2004,2004-1,2004-03,,,2004,2
SSA-DATES1.csv,1,6/1/2010,2/13/2004,2/13/2004,2004-02,4,2004-03,2004,2004-2,20,2004,2004-1,2004-03,,,2004,2
SSA-DATES1.csv,1,6/1/2010,2/20/2004,2/20/2004,2004-02,4,2004-03,2004,2004-2,21,2004,2004-1,2004-03,,,2004,2
SSA-DATES1.csv,1,6/1/2010,2/27/2004,2/27/2004,2004-02,4,2004-03,2004,2004-2,22,2004,2004-1,2004-03,,,2004,2
SSA-DATES1.csv,1,6/1/2010,3/5/2004,3/5/2004,2004-03,4,2004-03,2004,2004-2,23,2004,2004-1,2004-03,,,2004,2
SSA-DATES1.csv,1,6/1/2010,3/12/2004,3/12/2004,2004-03,4,2004-03,2004,2004-2,24,2004,2004-1,2004-03,,,2004,2
SSA-DATES1.csv,1,6/1/2010,3/19/2004,3/19/2004,2004-03,4,2004-03,2004,2004-2,25,2004,2004-1,2004-03,,,2004,2
SSA-DATES1.csv,1,6/1/2010,3/26/2004,3/26/2004,2004-03,4,2004-03,2004,2004-2,26,2004,2004-1,2004-03,,,2004,2
SSA-DATES1.csv,1,6/1/2010,4/2/2004,4/2/2004,2004-04,5,2004-06,2004,2004-3,27,2004,2004-2,2004-06,,,2004,3
SSA-DATES1.csv,1,6/1/2010,4/9/2004,4/9/2004,2004-04,5,2004-06,2004,2004-3,28,2004,2004-2,2004-06,,,2004,3
SSA-DATES1.csv,1,6/1/2010,4/16/2004,4/16/2004,2004-04,5,2004-06,2004,2004-3,29,2004,2004-2,2004-06,,,2004,3
SSA-DATES1.csv,1,6/1/2010,4/23/2004,4/23/2004,2004-04,5,2004-06,2004,2004-3,30,2004,2004-2,2004-06,,,2004,3
SSA-DATES1.csv,1,6/1/2010,4/30/2004,4/30/2004,2004-04,5,2004-06,2004,2004-3,31,2004,2004-2,2004-06,,,2004,3
SSA-DATES1.csv,1,6/1/2010,5/7/2004,5/7/2004,2004-05,4,2004-06,2004,2004-3,32,2004,2004-2,2004-06,,,2004,3
SSA-DATES1.csv,1,6/1/2010,5/14/2004,5/14/2004,2004-05,4,2004-06,2004,2004-3,33,2004,2004-2,2004-06,,,2004,3
SSA-DATES1.csv,1,6/1/2010,5/21/2004,5/21/2004,2004-05,4,2004-06,2004,2004-3,34,2004,2004-2,2004-06,,,2004,3
SSA-DATES1.csv,1,6/1/2010,5/28/2004,5/28/2004,2004-05,4,2004-06,2004,2004-3,35,2004,2004-2,2004-06,,,2004,3
SSA-DATES1.csv,1,6/1/2010,6/4/2004,6/4/2004,2004-06,4,2004-06,2004,2004-3,36,2004,2004-2,2004-06,,,2004,3
SSA-DATES1.csv,1,6/1/2010,6/11/2004,6/11/2004,2004-06,4,2004-06,2004,2004-3,37,2004,2004-2,2004-06,,,2004,3
SSA-DATES1.csv,1,6/1/2010,6/18/2004,6/18/2004,2004-06,4,2004-06,2004,2004-3,38,2004,2004-2,2004-06,,,2004,3
SSA-DATES1.csv,1,6/1/2010,6/25/2004,6/25/2004,2004-06,4,2004-06,2004,2004-3,39,2004,2004-2,2004-06,,,2004,3
SSA-DATES1.csv,1,6/1/2010,7/2/2004,7/2/2004,2004-07,5,2004-09,2004,2004-4,40,2004,2004-3,2004-09,,,2004,4
SSA-DATES1.csv,1,6/1/2010,7/9/2004,7/9/2004,2004-07,5,2004-09,2004,2004-4,41,2004,2004-3,2004-09,,,2004,4
SSA-DATES1.csv,1,6/1/2010,7/16/2004,7/16/2004,2004-07,5,2004-09,2004,2004-4,42,2004,2004-3,2004-09,,,2004,4
SSA-DATES1.csv,1,6/1/2010,7/23/2004,7/23/2004,2004-07,5,2004-09,2004,2004-4,43,2004,2004-3,2004-09,,,2004,4
SSA-DATES1.csv,1,6/1/2010,7/30/2004,7/30/2004,2004-07,5,2004-09,2004,2004-4,44,2004,2004-3,2004-09,,,2004,4
SSA-DATES1.csv,1,6/1/2010,8/6/2004,8/6/2004,2004-08,4,2004-09,2004,2004-4,45,2004,2004-3,2004-09,,,2004,4
SSA-DATES1.csv,1,6/1/2010,8/13/2004,8/13/2004,2004-08,4,2004-09,2004,2004-4,46,2004,2004-3,2004-09,,,2004,4
SSA-DATES1.csv,1,6/1/2010,8/20/2004,8/20/2004,2004-08,4,2004-09,2004,2004-4,47,2004,2004-3,2004-09,,,2004,4
SSA-DATES1.csv,1,6/1/2010,8/27/2004,8/27/2004,2004-08,4,2004-09,2004,2004-4,48,2004,2004-3,2004-09,,,2004,4
SSA-DATES1.csv,1,6/1/2010,9/3/2004,9/3/2004,2004-09,4,2004-09,2004,2004-4,49,2004,2004-3,2004-09,,,2004,4
SSA-DATES1.csv,1,6/1/2010,9/10/2004,9/10/2004,2004-09,4,2004-09,2004,2004-4,50,2004,2004-3,2004-09,,,2004,4
SSA-DATES1.csv,1,6/1/2010,9/17/2004,9/17/2004,2004-09,4,2004-09,2004,2004-4,51,2004,2004-3,2004-09,,,2004,4
SSA-DATES1.csv,1,6/1/2010,9/24/2004,9/24/2004,2004-09,4,2004-09,2004,2004-4,52,2004,2004-3,2004-09,,,2004,4
SSA-DATES1.csv,1,6/1/2010,10/1/2004,10/1/2004,2004-10,5,2004-12,2005,2005-1,1,2004,2004-4,2004-12,,,2005,1
SSA-DATES1.csv,1,6/1/2010,10/8/2004,10/8/2004,2004-10,5,2004-12,2005,2005-1,2,2004,2004-4,2004-12,,,2005,1
SSA-DATES1.csv,1,6/1/2010,10/15/2004,10/15/2004,2004-10,5,2004-12,2005,2005-1,3,2004,2004-4,2004-12,,,2005,1
SSA-DATES1.csv,1,6/1/2010,10/22/2004,10/22/2004,2004-10,5,2004-12,2005,2005-1,4,2004,2004-4,2004-12,,,2005,1
SSA-DATES1.csv,1,6/1/2010,10/29/2004,10/29/2004,2004-10,5,2004-12,2005,2005-1,5,2004,2004-4,2004-12,,,2005,1
SSA-DATES1.csv,1,6/1/2010,11/5/2004,11/5/2004,2004-11,4,2004-12,2005,2005-1,6,2004,2004-4,2004-12,,,2005,1
SSA-DATES1.csv,1,6/1/2010,11/12/2004,11/12/2004,2004-11,4,2004-12,2005,2005-1,7,2004,2004-4,2004-12,,,2005,1
SSA-DATES1.csv,1,6/1/2010,11/19/2004,11/19/2004,2004-11,4,2004-12,2005,2005-1,8,2004,2004-4,2004-12,,,2005,1
SSA-DATES1.csv,1,6/1/2010,11/26/2004,11/26/2004,2004-11,4,2004-12,2005,2005-1,9,2004,2004-4,2004-12,,,2005,1
SSA-DATES1.csv,1,6/1/2010,12/3/2004,12/3/2004,2004-12,4,2004-12,2005,2005-1,10,2004,2004-4,2004-12,,,2005,1
SSA-DATES1.csv,1,6/1/2010,12/10/2004,12/10/2004,2004-12,4,2004-12,2005,2005-1,11,2004,2004-4,2004-12,,,2005,1
SSA-DATES1.csv,1,6/1/2010,12/17/2004,12/17/2004,2004-12,4,2004-12,2005,2005-1,12,2004,2004-4,2004-12,,,2005,1
SSA-DATES1.csv,1,6/1/2010,12/24/2004,12/24/2004,2004-12,4,2004-12,2005,2005-1,13,2004,2004-4,2004-12,"Monthly and quarterly data keyed to 12/24/2004, not 12/31/2004.",,2005,1
SSA-DATES1.csv,1,6/1/2010,12/31/2004,12/31/2004,2005-01,5,2005-03,2005,2005-2,14,2004,2004-4,2004-12,Last week 12/31/2004 counted in month 01/2005.,,2005,2
SSA-DATES1.csv,1,6/1/2010,1/7/2005,1/7/2005,2005-01,5,2005-03,2005,2005-2,15,2005,2005-1,2005-03,,,2005,2
SSA-DATES1.csv,1,6/1/2010,1/14/2005,1/14/2005,2005-01,5,2005-03,2005,2005-2,16,2005,2005-1,2005-03,,,2005,2
SSA-DATES1.csv,1,6/1/2010,1/21/2005,1/21/2005,2005-01,5,2005-03,2005,2005-2,17,2005,2005-1,2005-03,,,2005,2
SSA-DATES1.csv,1,6/1/2010,1/28/2005,1/28/2005,2005-01,5,2005-03,2005,2005-2,18,2005,2005-1,2005-03,,,2005,2
SSA-DATES1.csv,1,6/1/2010,2/4/2005,2/4/2005,2005-02,4,2005-03,2005,2005-2,19,2005,2005-1,2005-03,,,2005,2
SSA-DATES1.csv,1,6/1/2010,2/11/2005,2/11/2005,2005-02,4,2005-03,2005,2005-2,20,2005,2005-1,2005-03,,,2005,2
SSA-DATES1.csv,1,6/1/2010,2/18/2005,2/18/2005,2005-02,4,2005-03,2005,2005-2,21,2005,2005-1,2005-03,,,2005,2
SSA-DATES1.csv,1,6/1/2010,2/25/2005,2/25/2005,2005-02,4,2005-03,2005,2005-2,22,2005,2005-1,2005-03,,,2005,2
SSA-DATES1.csv,1,6/1/2010,3/4/2005,3/4/2005,2005-03,4,2005-03,2005,2005-2,23,2005,2005-1,2005-03,,,2005,2
SSA-DATES1.csv,1,6/1/2010,3/11/2005,3/11/2005,2005-03,4,2005-03,2005,2005-2,24,2005,2005-1,2005-03,,,2005,2
SSA-DATES1.csv,1,6/1/2010,3/18/2005,3/18/2005,2005-03,4,2005-03,2005,2005-2,25,2005,2005-1,2005-03,,,2005,2
SSA-DATES1.csv,1,6/1/2010,3/25/2005,3/25/2005,2005-03,4,2005-03,2005,2005-2,26,2005,2005-1,2005-03,,,2005,2
SSA-DATES1.csv,1,6/1/2010,4/1/2005,4/1/2005,2005-04,5,2005-06,2005,2005-3,27,2005,2005-2,2005-06,,,2005,3
SSA-DATES1.csv,1,6/1/2010,4/8/2005,4/8/2005,2005-04,5,2005-06,2005,2005-3,28,2005,2005-2,2005-06,,,2005,3
SSA-DATES1.csv,1,6/1/2010,4/15/2005,4/15/2005,2005-04,5,2005-06,2005,2005-3,29,2005,2005-2,2005-06,,,2005,3
SSA-DATES1.csv,1,6/1/2010,4/22/2005,4/22/2005,2005-04,5,2005-06,2005,2005-3,30,2005,2005-2,2005-06,,,2005,3
SSA-DATES1.csv,1,6/1/2010,4/29/2005,4/29/2005,2005-04,5,2005-06,2005,2005-3,31,2005,2005-2,2005-06,,,2005,3
SSA-DATES1.csv,1,6/1/2010,5/6/2005,5/6/2005,2005-05,4,2005-06,2005,2005-3,32,2005,2005-2,2005-06,,,2005,3
SSA-DATES1.csv,1,6/1/2010,5/13/2005,5/13/2005,2005-05,4,2005-06,2005,2005-3,33,2005,2005-2,2005-06,,,2005,3
SSA-DATES1.csv,1,6/1/2010,5/20/2005,5/20/2005,2005-05,4,2005-06,2005,2005-3,34,2005,2005-2,2005-06,,,2005,3
SSA-DATES1.csv,1,6/1/2010,5/27/2005,5/27/2005,2005-05,4,2005-06,2005,2005-3,35,2005,2005-2,2005-06,,,2005,3
SSA-DATES1.csv,1,6/1/2010,6/3/2005,6/3/2005,2005-06,4,2005-06,2005,2005-3,36,2005,2005-2,2005-06,,,2005,3
SSA-DATES1.csv,1,6/1/2010,6/10/2005,6/10/2005,2005-06,4,2005-06,2005,2005-3,37,2005,2005-2,2005-06,,,2005,3
SSA-DATES1.csv,1,6/1/2010,6/17/2005,6/17/2005,2005-06,4,2005-06,2005,2005-3,38,2005,2005-2,2005-06,,,2005,3
SSA-DATES1.csv,1,6/1/2010,6/24/2005,6/24/2005,2005-06,4,2005-06,2005,2005-3,39,2005,2005-2,2005-06,,,2005,3
SSA-DATES1.csv,1,6/1/2010,7/1/2005,7/1/2005,2005-07,5,2005-09,2005,2005-4,40,2005,2005-3,2005-09,,,2005,4
SSA-DATES1.csv,1,6/1/2010,7/8/2005,7/8/2005,2005-07,5,2005-09,2005,2005-4,41,2005,2005-3,2005-09,,,2005,4
SSA-DATES1.csv,1,6/1/2010,7/15/2005,7/15/2005,2005-07,5,2005-09,2005,2005-4,42,2005,2005-3,2005-09,,,2005,4
SSA-DATES1.csv,1,6/1/2010,7/22/2005,7/22/2005,2005-07,5,2005-09,2005,2005-4,43,2005,2005-3,2005-09,,,2005,4
SSA-DATES1.csv,1,6/1/2010,7/29/2005,7/29/2005,2005-07,5,2005-09,2005,2005-4,44,2005,2005-3,2005-09,,,2005,4
SSA-DATES1.csv,1,6/1/2010,8/5/2005,8/5/2005,2005-08,4,2005-09,2005,2005-4,45,2005,2005-3,2005-09,,,2005,4
SSA-DATES1.csv,1,6/1/2010,8/12/2005,8/12/2005,2005-08,4,2005-09,2005,2005-4,46,2005,2005-3,2005-09,,,2005,4
SSA-DATES1.csv,1,6/1/2010,8/19/2005,8/19/2005,2005-08,4,2005-09,2005,2005-4,47,2005,2005-3,2005-09,,,2005,4
SSA-DATES1.csv,1,6/1/2010,8/26/2005,8/26/2005,2005-08,4,2005-09,2005,2005-4,48,2005,2005-3,2005-09,,,2005,4
SSA-DATES1.csv,1,6/1/2010,9/2/2005,9/2/2005,2005-09,4,2005-09,2005,2005-4,49,2005,2005-3,2005-09,,,2005,4
SSA-DATES1.csv,1,6/1/2010,9/9/2005,9/9/2005,2005-09,4,2005-09,2005,2005-4,50,2005,2005-3,2005-09,,,2005,4
SSA-DATES1.csv,1,6/1/2010,9/16/2005,9/16/2005,2005-09,4,2005-09,2005,2005-4,51,2005,2005-3,2005-09,,,2005,4
SSA-DATES1.csv,1,6/1/2010,9/23/2005,9/23/2005,2005-09,4,2005-09,2005,2005-4,52,2005,2005-3,2005-09,"Monthly and quarterly data keyed to 9/23/2005, not 9/30/2005.",,2005,4
SSA-DATES1.csv,1,6/1/2010,9/30/2005,9/30/2005,,,,2005,,53,2005,2005-3,2005-09,Data for week 53 used only for fiscal year counts.,,,
SSA-DATES1.csv,1,6/1/2010,10/7/2005,10/7/2005,2005-10,4,2005-12,2006,2006-1,1,2005,2005-4,2005-12,,,2006,1
SSA-DATES1.csv,1,6/1/2010,10/14/2005,10/14/2005,2005-10,4,2005-12,2006,2006-1,2,2005,2005-4,2005-12,,,2006,1
SSA-DATES1.csv,1,6/1/2010,10/21/2005,10/21/2005,2005-10,4,2005-12,2006,2006-1,3,2005,2005-4,2005-12,,,2006,1
SSA-DATES1.csv,1,6/1/2010,10/28/2005,10/28/2005,2005-10,4,2005-12,2006,2006-1,4,2005,2005-4,2005-12,,,2006,1
SSA-DATES1.csv,1,6/1/2010,11/4/2005,11/4/2005,2005-11,4,2005-12,2006,2006-1,5,2005,2005-4,2005-12,,,2006,1
SSA-DATES1.csv,1,6/1/2010,11/11/2005,11/11/2005,2005-11,4,2005-12,2006,2006-1,6,2005,2005-4,2005-12,,,2006,1
SSA-DATES1.csv,1,6/1/2010,11/18/2005,11/18/2005,2005-11,4,2005-12,2006,2006-1,7,2005,2005-4,2005-12,,,2006,1
SSA-DATES1.csv,1,6/1/2010,11/25/2005,11/25/2005,2005-11,4,2005-12,2006,2006-1,8,2005,2005-4,2005-12,,,2006,1
SSA-DATES1.csv,1,6/1/2010,12/2/2005,12/2/2005,2005-12,5,2005-12,2006,2006-1,9,2005,2005-4,2005-12,,,2006,1
SSA-DATES1.csv,1,6/1/2010,12/9/2005,12/9/2005,2005-12,5,2005-12,2006,2006-1,10,2005,2005-4,2005-12,,,2006,1
SSA-DATES1.csv,1,6/1/2010,12/16/2005,12/16/2005,2005-12,5,2005-12,2006,2006-1,11,2005,2005-4,2005-12,,,2006,1
SSA-DATES1.csv,1,6/1/2010,12/23/2005,12/23/2005,2005-12,5,2005-12,2006,2006-1,12,2005,2005-4,2005-12,,,2006,1
SSA-DATES1.csv,1,6/1/2010,12/30/2005,12/30/2005,2005-12,5,2005-12,2006,2006-1,13,2005,2005-4,2005-12,,,2006,1
SSA-DATES1.csv,1,6/1/2010,1/6/2006,1/6/2006,2006-01,4,2006-03,2006,2006-2,14,2006,2006-1,2006-03,,,2006,2
SSA-DATES1.csv,1,6/1/2010,1/13/2006,1/13/2006,2006-01,4,2006-03,2006,2006-2,15,2006,2006-1,2006-03,,,2006,2
SSA-DATES1.csv,1,6/1/2010,1/20/2006,1/20/2006,2006-01,4,2006-03,2006,2006-2,16,2006,2006-1,2006-03,,,2006,2
SSA-DATES1.csv,1,6/1/2010,1/27/2006,1/27/2006,2006-01,4,2006-03,2006,2006-2,17,2006,2006-1,2006-03,,,2006,2
SSA-DATES1.csv,1,6/1/2010,2/3/2006,2/3/2006,2006-02,4,2006-03,2006,2006-2,18,2006,2006-1,2006-03,,,2006,2
SSA-DATES1.csv,1,6/1/2010,2/10/2006,2/10/2006,2006-02,4,2006-03,2006,2006-2,19,2006,2006-1,2006-03,,,2006,2
SSA-DATES1.csv,1,6/1/2010,2/17/2006,2/17/2006,2006-02,4,2006-03,2006,2006-2,20,2006,2006-1,2006-03,,,2006,2
SSA-DATES1.csv,1,6/1/2010,2/24/2006,2/24/2006,2006-02,4,2006-03,2006,2006-2,21,2006,2006-1,2006-03,,,2006,2
SSA-DATES1.csv,1,6/1/2010,3/3/2006,3/3/2006,2006-03,5,2006-03,2006,2006-2,22,2006,2006-1,2006-03,,,2006,2
SSA-DATES1.csv,1,6/1/2010,3/10/2006,3/10/2006,2006-03,5,2006-03,2006,2006-2,23,2006,2006-1,2006-03,,,2006,2
SSA-DATES1.csv,1,6/1/2010,3/17/2006,3/17/2006,2006-03,5,2006-03,2006,2006-2,24,2006,2006-1,2006-03,,,2006,2
SSA-DATES1.csv,1,6/1/2010,3/24/2006,3/24/2006,2006-03,5,2006-03,2006,2006-2,25,2006,2006-1,2006-03,,,2006,2
SSA-DATES1.csv,1,6/1/2010,3/31/2006,3/31/2006,2006-03,5,2006-03,2006,2006-2,26,2006,2006-1,2006-03,,,2006,2
SSA-DATES1.csv,1,6/1/2010,4/7/2006,4/7/2006,2006-04,4,2006-06,2006,2006-3,27,2006,2006-2,2006-06,,,2006,3
SSA-DATES1.csv,1,6/1/2010,4/14/2006,4/14/2006,2006-04,4,2006-06,2006,2006-3,28,2006,2006-2,2006-06,,,2006,3
SSA-DATES1.csv,1,6/1/2010,4/21/2006,4/21/2006,2006-04,4,2006-06,2006,2006-3,29,2006,2006-2,2006-06,,,2006,3
SSA-DATES1.csv,1,6/1/2010,4/28/2006,4/28/2006,2006-04,4,2006-06,2006,2006-3,30,2006,2006-2,2006-06,,,2006,3
SSA-DATES1.csv,1,6/1/2010,5/5/2006,5/5/2006,2006-05,4,2006-06,2006,2006-3,31,2006,2006-2,2006-06,,,2006,3
SSA-DATES1.csv,1,6/1/2010,5/12/2006,5/12/2006,2006-05,4,2006-06,2006,2006-3,32,2006,2006-2,2006-06,,,2006,3
SSA-DATES1.csv,1,6/1/2010,5/19/2006,5/19/2006,2006-05,4,2006-06,2006,2006-3,33,2006,2006-2,2006-06,,,2006,3
SSA-DATES1.csv,1,6/1/2010,5/26/2006,5/26/2006,2006-05,4,2006-06,2006,2006-3,34,2006,2006-2,2006-06,,,2006,3
SSA-DATES1.csv,1,6/1/2010,6/2/2006,6/2/2006,2006-06,5,2006-06,2006,2006-3,35,2006,2006-2,2006-06,,,2006,3
SSA-DATES1.csv,1,6/1/2010,6/9/2006,6/9/2006,2006-06,5,2006-06,2006,2006-3,36,2006,2006-2,2006-06,,,2006,3
SSA-DATES1.csv,1,6/1/2010,6/16/2006,6/16/2006,2006-06,5,2006-06,2006,2006-3,37,2006,2006-2,2006-06,,,2006,3
SSA-DATES1.csv,1,6/1/2010,6/23/2006,6/23/2006,2006-06,5,2006-06,2006,2006-3,38,2006,2006-2,2006-06,,,2006,3
SSA-DATES1.csv,1,6/1/2010,6/30/2006,6/30/2006,2006-06,5,2006-06,2006,2006-3,39,2006,2006-2,2006-06,,,2006,3
SSA-DATES1.csv,1,6/1/2010,7/7/2006,7/7/2006,2006-07,4,2006-09,2006,2006-4,40,2006,2006-3,2006-09,,,2006,4
SSA-DATES1.csv,1,6/1/2010,7/14/2006,7/14/2006,2006-07,4,2006-09,2006,2006-4,41,2006,2006-3,2006-09,,,2006,4
SSA-DATES1.csv,1,6/1/2010,7/21/2006,7/21/2006,2006-07,4,2006-09,2006,2006-4,42,2006,2006-3,2006-09,,,2006,4
SSA-DATES1.csv,1,6/1/2010,7/28/2006,7/28/2006,2006-07,4,2006-09,2006,2006-4,43,2006,2006-3,2006-09,,,2006,4
SSA-DATES1.csv,1,6/1/2010,8/4/2006,8/4/2006,2006-08,4,2006-09,2006,2006-4,44,2006,2006-3,2006-09,,,2006,4
SSA-DATES1.csv,1,6/1/2010,8/11/2006,8/11/2006,2006-08,4,2006-09,2006,2006-4,45,2006,2006-3,2006-09,,,2006,4
SSA-DATES1.csv,1,6/1/2010,8/18/2006,8/18/2006,2006-08,4,2006-09,2006,2006-4,46,2006,2006-3,2006-09,,,2006,4
SSA-DATES1.csv,1,6/1/2010,8/25/2006,8/25/2006,2006-08,4,2006-09,2006,2006-4,47,2006,2006-3,2006-09,,,2006,4
SSA-DATES1.csv,1,6/1/2010,9/1/2006,9/1/2006,2006-09,5,2006-09,2006,2006-4,48,2006,2006-3,2006-09,,,2006,4
SSA-DATES1.csv,1,6/1/2010,9/8/2006,9/8/2006,2006-09,5,2006-09,2006,2006-4,49,2006,2006-3,2006-09,,,2006,4
SSA-DATES1.csv,1,6/1/2010,9/15/2006,9/15/2006,2006-09,5,2006-09,2006,2006-4,50,2006,2006-3,2006-09,,,2006,4
SSA-DATES1.csv,1,6/1/2010,9/22/2006,9/22/2006,2006-09,5,2006-09,2006,2006-4,51,2006,2006-3,2006-09,,,2006,4
SSA-DATES1.csv,1,6/1/2010,9/29/2006,9/29/2006,2006-09,5,2006-09,2006,2006-4,52,2006,2006-3,2006-09,,,2006,4
SSA-DATES1.csv,1,6/1/2010,10/6/2006,10/6/2006,2006-10,4,2006-12,2007,2007-1,1,2006,2006-4,2006-12,,,2007,1
SSA-DATES1.csv,1,6/1/2010,10/13/2006,10/13/2006,2006-10,4,2006-12,2007,2007-1,2,2006,2006-4,2006-12,,,2007,1
SSA-DATES1.csv,1,6/1/2010,10/20/2006,10/20/2006,2006-10,4,2006-12,2007,2007-1,3,2006,2006-4,2006-12,,,2007,1
SSA-DATES1.csv,1,6/1/2010,10/27/2006,10/27/2006,2006-10,4,2006-12,2007,2007-1,4,2006,2006-4,2006-12,,,2007,1
SSA-DATES1.csv,1,6/1/2010,11/3/2006,11/3/2006,2006-11,4,2006-12,2007,2007-1,5,2006,2006-4,2006-12,,,2007,1
SSA-DATES1.csv,1,6/1/2010,11/10/2006,11/10/2006,2006-11,4,2006-12,2007,2007-1,6,2006,2006-4,2006-12,,,2007,1
SSA-DATES1.csv,1,6/1/2010,11/17/2006,11/17/2006,2006-11,4,2006-12,2007,2007-1,7,2006,2006-4,2006-12,,,2007,1
SSA-DATES1.csv,1,6/1/2010,11/24/2006,11/24/2006,2006-11,4,2006-12,2007,2007-1,8,2006,2006-4,2006-12,,,2007,1
SSA-DATES1.csv,1,6/1/2010,12/1/2006,12/1/2006,2006-12,5,2006-12,2007,2007-1,9,2006,2006-4,2006-12,,,2007,1
SSA-DATES1.csv,1,6/1/2010,12/8/2006,12/8/2006,2006-12,5,2006-12,2007,2007-1,10,2006,2006-4,2006-12,,,2007,1
SSA-DATES1.csv,1,6/1/2010,12/15/2006,12/15/2006,2006-12,5,2006-12,2007,2007-1,11,2006,2006-4,2006-12,,,2007,1
SSA-DATES1.csv,1,6/1/2010,12/22/2006,12/22/2006,2006-12,5,2006-12,2007,2007-1,12,2006,2006-4,2006-12,,,2007,1
SSA-DATES1.csv,1,6/1/2010,12/29/2006,12/29/2006,2006-12,5,2006-12,2007,2007-1,13,2006,2006-4,2006-12,,,2007,1
SSA-DATES1.csv,1,6/1/2010,1/5/2007,1/5/2007,2007-01,4,2007-03,2007,2007-2,14,2007,2007-1,2007-03,,,2007,2
SSA-DATES1.csv,1,6/1/2010,1/12/2007,1/12/2007,2007-01,4,2007-03,2007,2007-2,15,2007,2007-1,2007-03,,,2007,2
SSA-DATES1.csv,1,6/1/2010,1/19/2007,1/19/2007,2007-01,4,2007-03,2007,2007-2,16,2007,2007-1,2007-03,,,2007,2
SSA-DATES1.csv,1,6/1/2010,1/26/2007,1/26/2007,2007-01,4,2007-03,2007,2007-2,17,2007,2007-1,2007-03,,,2007,2
SSA-DATES1.csv,1,6/1/2010,2/2/2007,2/2/2007,2007-02,4,2007-03,2007,2007-2,18,2007,2007-1,2007-03,,,2007,2
SSA-DATES1.csv,1,6/1/2010,2/9/2007,2/9/2007,2007-02,4,2007-03,2007,2007-2,19,2007,2007-1,2007-03,,,2007,2
SSA-DATES1.csv,1,6/1/2010,2/16/2007,2/16/2007,2007-02,4,2007-03,2007,2007-2,20,2007,2007-1,2007-03,,,2007,2
SSA-DATES1.csv,1,6/1/2010,2/23/2007,2/23/2007,2007-02,4,2007-03,2007,2007-2,21,2007,2007-1,2007-03,,,2007,2
SSA-DATES1.csv,1,6/1/2010,3/2/2007,3/2/2007,2007-03,5,2007-03,2007,2007-2,22,2007,2007-1,2007-03,,,2007,2
SSA-DATES1.csv,1,6/1/2010,3/9/2007,3/9/2007,2007-03,5,2007-03,2007,2007-2,23,2007,2007-1,2007-03,,,2007,2
SSA-DATES1.csv,1,6/1/2010,3/16/2007,3/16/2007,2007-03,5,2007-03,2007,2007-2,24,2007,2007-1,2007-03,,,2007,2
SSA-DATES1.csv,1,6/1/2010,3/23/2007,3/23/2007,2007-03,5,2007-03,2007,2007-2,25,2007,2007-1,2007-03,,,2007,2
SSA-DATES1.csv,1,6/1/2010,3/30/2007,3/30/2007,2007-03,5,2007-03,2007,2007-2,26,2007,2007-1,2007-03,,,2007,2
SSA-DATES1.csv,1,6/1/2010,4/6/2007,4/6/2007,2007-04,4,2007-06,2007,2007-3,27,2007,2007-2,2007-06,,,2007,3
SSA-DATES1.csv,1,6/1/2010,4/13/2007,4/13/2007,2007-04,4,2007-06,2007,2007-3,28,2007,2007-2,2007-06,,,2007,3
SSA-DATES1.csv,1,6/1/2010,4/20/2007,4/20/2007,2007-04,4,2007-06,2007,2007-3,29,2007,2007-2,2007-06,,,2007,3
SSA-DATES1.csv,1,6/1/2010,4/27/2007,4/27/2007,2007-04,4,2007-06,2007,2007-3,30,2007,2007-2,2007-06,,,2007,3
SSA-DATES1.csv,1,6/1/2010,5/4/2007,5/4/2007,2007-05,4,2007-06,2007,2007-3,31,2007,2007-2,2007-06,,,2007,3
SSA-DATES1.csv,1,6/1/2010,5/11/2007,5/11/2007,2007-05,4,2007-06,2007,2007-3,32,2007,2007-2,2007-06,,,2007,3
SSA-DATES1.csv,1,6/1/2010,5/18/2007,5/18/2007,2007-05,4,2007-06,2007,2007-3,33,2007,2007-2,2007-06,,,2007,3
SSA-DATES1.csv,1,6/1/2010,5/25/2007,5/25/2007,2007-05,4,2007-06,2007,2007-3,34,2007,2007-2,2007-06,,,2007,3
SSA-DATES1.csv,1,6/1/2010,6/1/2007,6/1/2007,2007-06,5,2007-06,2007,2007-3,35,2007,2007-2,2007-06,,,2007,3
SSA-DATES1.csv,1,6/1/2010,6/8/2007,6/8/2007,2007-06,5,2007-06,2007,2007-3,36,2007,2007-2,2007-06,,,2007,3
SSA-DATES1.csv,1,6/1/2010,6/15/2007,6/15/2007,2007-06,5,2007-06,2007,2007-3,37,2007,2007-2,2007-06,,,2007,3
SSA-DATES1.csv,1,6/1/2010,6/22/2007,6/22/2007,2007-06,5,2007-06,2007,2007-3,38,2007,2007-2,2007-06,,,2007,3
SSA-DATES1.csv,1,6/1/2010,6/29/2007,6/29/2007,2007-06,5,2007-06,2007,2007-3,39,2007,2007-2,2007-06,,,2007,3
SSA-DATES1.csv,1,6/1/2010,7/6/2007,7/6/2007,2007-07,4,2007-09,2007,2007-4,40,2007,2007-3,2007-09,,,2007,4
SSA-DATES1.csv,1,6/1/2010,7/13/2007,7/13/2007,2007-07,4,2007-09,2007,2007-4,41,2007,2007-3,2007-09,,,2007,4
SSA-DATES1.csv,1,6/1/2010,7/20/2007,7/20/2007,2007-07,4,2007-09,2007,2007-4,42,2007,2007-3,2007-09,,,2007,4
SSA-DATES1.csv,1,6/1/2010,7/27/2007,7/27/2007,2007-07,4,2007-09,2007,2007-4,43,2007,2007-3,2007-09,,,2007,4
SSA-DATES1.csv,1,6/1/2010,8/3/2007,8/3/2007,2007-08,5,2007-09,2007,2007-4,44,2007,2007-3,2007-09,,,2007,4
SSA-DATES1.csv,1,6/1/2010,8/10/2007,8/10/2007,2007-08,5,2007-09,2007,2007-4,45,2007,2007-3,2007-09,,,2007,4
SSA-DATES1.csv,1,6/1/2010,8/17/2007,8/17/2007,2007-08,5,2007-09,2007,2007-4,46,2007,2007-3,2007-09,,,2007,4
SSA-DATES1.csv,1,6/1/2010,8/24/2007,8/24/2007,2007-08,5,2007-09,2007,2007-4,47,2007,2007-3,2007-09,,,2007,4
SSA-DATES1.csv,1,6/1/2010,8/31/2007,8/31/2007,2007-08,5,2007-09,2007,2007-4,48,2007,2007-3,2007-09,,,2007,4
SSA-DATES1.csv,1,6/1/2010,9/7/2007,9/7/2007,2007-09,4,2007-09,2007,2007-4,49,2007,2007-3,2007-09,,,2007,4
SSA-DATES1.csv,1,6/1/2010,9/14/2007,9/14/2007,2007-09,4,2007-09,2007,2007-4,50,2007,2007-3,2007-09,,,2007,4
SSA-DATES1.csv,1,6/1/2010,9/21/2007,9/21/2007,2007-09,4,2007-09,2007,2007-4,51,2007,2007-3,2007-09,,,2007,4
SSA-DATES1.csv,1,6/1/2010,9/28/2007,9/28/2007,2007-09,4,2007-09,2007,2007-4,52,2007,2007-3,2007-09,,,2007,4
SSA-DATES1.csv,1,6/1/2010,10/5/2007,10/5/2007,2007-10,4,2007-12,2008,2008-1,1,2007,2007-4,2007-12,,,2008,1
SSA-DATES1.csv,1,6/1/2010,10/12/2007,10/12/2007,2007-10,4,2007-12,2008,2008-1,2,2007,2007-4,2007-12,,,2008,1
SSA-DATES1.csv,1,6/1/2010,10/19/2007,10/19/2007,2007-10,4,2007-12,2008,2008-1,3,2007,2007-4,2007-12,,,2008,1
SSA-DATES1.csv,1,6/1/2010,10/26/2007,10/26/2007,2007-10,4,2007-12,2008,2008-1,4,2007,2007-4,2007-12,,,2008,1
SSA-DATES1.csv,1,6/1/2010,11/2/2007,11/2/2007,2007-11,5,2007-12,2008,2008-1,5,2007,2007-4,2007-12,,,2008,1
SSA-DATES1.csv,1,6/1/2010,11/9/2007,11/9/2007,2007-11,5,2007-12,2008,2008-1,6,2007,2007-4,2007-12,,,2008,1
SSA-DATES1.csv,1,6/1/2010,11/16/2007,11/16/2007,2007-11,5,2007-12,2008,2008-1,7,2007,2007-4,2007-12,,,2008,1
SSA-DATES1.csv,1,6/1/2010,11/23/2007,11/23/2007,2007-11,5,2007-12,2008,2008-1,8,2007,2007-4,2007-12,,,2008,1
SSA-DATES1.csv,1,6/1/2010,11/30/2007,11/30/2007,2007-11,5,2007-12,2008,2008-1,9,2007,2007-4,2007-12,,,2008,1
SSA-DATES1.csv,1,6/1/2010,12/7/2007,12/7/2007,2007-12,4,2007-12,2008,2008-1,10,2007,2007-4,2007-12,,,2008,1
SSA-DATES1.csv,1,6/1/2010,12/14/2007,12/14/2007,2007-12,4,2007-12,2008,2008-1,11,2007,2007-4,2007-12,,,2008,1
SSA-DATES1.csv,1,6/1/2010,12/21/2007,12/21/2007,2007-12,4,2007-12,2008,2008-1,12,2007,2007-4,2007-12,,,2008,1
SSA-DATES1.csv,1,6/1/2010,12/28/2007,12/28/2007,2007-12,4,2007-12,2008,2008-1,13,2007,2007-4,2007-12,,,2008,1
SSA-DATES1.csv,1,6/1/2010,1/4/2008,1/4/2008,2008-01,4,2008-03,2008,2008-2,14,2008,2008-1,2008-03,,,2008,2
SSA-DATES1.csv,1,6/1/2010,1/11/2008,1/11/2008,2008-01,4,2008-03,2008,2008-2,15,2008,2008-1,2008-03,,,2008,2
SSA-DATES1.csv,1,6/1/2010,1/18/2008,1/18/2008,2008-01,4,2008-03,2008,2008-2,16,2008,2008-1,2008-03,,,2008,2
SSA-DATES1.csv,1,6/1/2010,1/25/2008,1/25/2008,2008-01,4,2008-03,2008,2008-2,17,2008,2008-1,2008-03,,,2008,2
SSA-DATES1.csv,1,6/1/2010,2/1/2008,2/1/2008,2008-02,5,2008-03,2008,2008-2,18,2008,2008-1,2008-03,,,2008,2
SSA-DATES1.csv,1,6/1/2010,2/8/2008,2/8/2008,2008-02,5,2008-03,2008,2008-2,19,2008,2008-1,2008-03,,,2008,2
SSA-DATES1.csv,1,6/1/2010,2/15/2008,2/15/2008,2008-02,5,2008-03,2008,2008-2,20,2008,2008-1,2008-03,,,2008,2
SSA-DATES1.csv,1,6/1/2010,2/22/2008,2/22/2008,2008-02,5,2008-03,2008,2008-2,21,2008,2008-1,2008-03,,,2008,2
SSA-DATES1.csv,1,6/1/2010,2/29/2008,2/29/2008,2008-02,5,2008-03,2008,2008-2,22,2008,2008-1,2008-03,,,2008,2
SSA-DATES1.csv,1,6/1/2010,3/7/2008,3/7/2008,2008-03,4,2008-03,2008,2008-2,23,2008,2008-1,2008-03,,,2008,2
SSA-DATES1.csv,1,6/1/2010,3/14/2008,3/14/2008,2008-03,4,2008-03,2008,2008-2,24,2008,2008-1,2008-03,,,2008,2
SSA-DATES1.csv,1,6/1/2010,3/21/2008,3/21/2008,2008-03,4,2008-03,2008,2008-2,25,2008,2008-1,2008-03,,,2008,2
SSA-DATES1.csv,1,6/1/2010,3/28/2008,3/28/2008,2008-03,4,2008-03,2008,2008-2,26,2008,2008-1,2008-03,,,2008,2
SSA-DATES1.csv,1,6/1/2010,4/4/2008,4/4/2008,2008-04,4,2008-06,2008,2008-3,27,2008,2008-2,2008-06,,,2008,3
SSA-DATES1.csv,1,6/1/2010,4/11/2008,4/11/2008,2008-04,4,2008-06,2008,2008-3,28,2008,2008-2,2008-06,,,2008,3
SSA-DATES1.csv,1,6/1/2010,4/18/2008,4/18/2008,2008-04,4,2008-06,2008,2008-3,29,2008,2008-2,2008-06,,,2008,3
SSA-DATES1.csv,1,6/1/2010,4/25/2008,4/25/2008,2008-04,4,2008-06,2008,2008-3,30,2008,2008-2,2008-06,,,2008,3
SSA-DATES1.csv,1,6/1/2010,5/2/2008,5/2/2008,2008-05,5,2008-06,2008,2008-3,31,2008,2008-2,2008-06,,,2008,3
SSA-DATES1.csv,1,6/1/2010,5/9/2008,5/9/2008,2008-05,5,2008-06,2008,2008-3,32,2008,2008-2,2008-06,,,2008,3
SSA-DATES1.csv,1,6/1/2010,5/16/2008,5/16/2008,2008-05,5,2008-06,2008,2008-3,33,2008,2008-2,2008-06,,,2008,3
SSA-DATES1.csv,1,6/1/2010,5/23/2008,5/23/2008,2008-05,5,2008-06,2008,2008-3,34,2008,2008-2,2008-06,,,2008,3
SSA-DATES1.csv,1,6/1/2010,5/30/2008,5/30/2008,2008-05,5,2008-06,2008,2008-3,35,2008,2008-2,2008-06,,,2008,3
SSA-DATES1.csv,1,6/1/2010,6/6/2008,6/6/2008,2008-06,4,2008-06,2008,2008-3,36,2008,2008-2,2008-06,,,2008,3
SSA-DATES1.csv,1,6/1/2010,6/13/2008,6/13/2008,2008-06,4,2008-06,2008,2008-3,37,2008,2008-2,2008-06,,,2008,3
SSA-DATES1.csv,1,6/1/2010,6/20/2008,6/20/2008,2008-06,4,2008-06,2008,2008-3,38,2008,2008-2,2008-06,,,2008,3
SSA-DATES1.csv,1,6/1/2010,6/27/2008,6/27/2008,2008-06,4,2008-06,2008,2008-3,39,2008,2008-2,2008-06,,,2008,3
SSA-DATES1.csv,1,6/1/2010,7/4/2008,7/4/2008,2008-07,4,2008-09,2008,2008-4,40,2008,2008-3,2008-09,,,2008,4
SSA-DATES1.csv,1,6/1/2010,7/11/2008,7/11/2008,2008-07,4,2008-09,2008,2008-4,41,2008,2008-3,2008-09,,,2008,4
SSA-DATES1.csv,1,6/1/2010,7/18/2008,7/18/2008,2008-07,4,2008-09,2008,2008-4,42,2008,2008-3,2008-09,,,2008,4
SSA-DATES1.csv,1,6/1/2010,7/25/2008,7/25/2008,2008-07,4,2008-09,2008,2008-4,43,2008,2008-3,2008-09,,,2008,4
SSA-DATES1.csv,1,6/1/2010,8/1/2008,8/1/2008,2008-08,5,2008-09,2008,2008-4,44,2008,2008-3,2008-09,,,2008,4
SSA-DATES1.csv,1,6/1/2010,8/8/2008,8/8/2008,2008-08,5,2008-09,2008,2008-4,45,2008,2008-3,2008-09,,,2008,4
SSA-DATES1.csv,1,6/1/2010,8/15/2008,8/15/2008,2008-08,5,2008-09,2008,2008-4,46,2008,2008-3,2008-09,,,2008,4
SSA-DATES1.csv,1,6/1/2010,8/22/2008,8/22/2008,2008-08,5,2008-09,2008,2008-4,47,2008,2008-3,2008-09,,,2008,4
SSA-DATES1.csv,1,6/1/2010,8/29/2008,8/29/2008,2008-08,5,2008-09,2008,2008-4,48,2008,2008-3,2008-09,,,2008,4
SSA-DATES1.csv,1,6/1/2010,9/5/2008,9/5/2008,2008-09,4,2008-09,2008,2008-4,49,2008,2008-3,2008-09,,,2008,4
SSA-DATES1.csv,1,6/1/2010,9/12/2008,9/12/2008,2008-09,4,2008-09,2008,2008-4,50,2008,2008-3,2008-09,,,2008,4
SSA-DATES1.csv,1,6/1/2010,9/19/2008,9/19/2008,2008-09,4,2008-09,2008,2008-4,51,2008,2008-3,2008-09,,,2008,4
SSA-DATES1.csv,1,6/1/2010,9/26/2008,9/26/2008,2008-09,4,2008-09,2008,2008-4,52,2008,2008-3,2008-09,,,2008,4
SSA-DATES1.csv,1,6/1/2010,10/3/2008,10/3/2008,2008-10,5,2008-12,2009,2009-1,1,2008,2008-4,2008-12,,,2009,1
SSA-DATES1.csv,1,6/1/2010,10/10/2008,10/10/2008,2008-10,5,2008-12,2009,2009-1,2,2008,2008-4,2008-12,,,2009,1
SSA-DATES1.csv,1,6/1/2010,10/17/2008,10/17/2008,2008-10,5,2008-12,2009,2009-1,3,2008,2008-4,2008-12,,,2009,1
SSA-DATES1.csv,1,6/1/2010,10/24/2008,10/24/2008,2008-10,5,2008-12,2009,2009-1,4,2008,2008-4,2008-12,,,2009,1
SSA-DATES1.csv,1,6/1/2010,10/31/2008,10/31/2008,2008-10,5,2008-12,2009,2009-1,5,2008,2008-4,2008-12,,,2009,1
SSA-DATES1.csv,1,6/1/2010,11/7/2008,11/7/2008,2008-11,4,2008-12,2009,2009-1,6,2008,2008-4,2008-12,,,2009,1
SSA-DATES1.csv,1,6/1/2010,11/14/2008,11/14/2008,2008-11,4,2008-12,2009,2009-1,7,2008,2008-4,2008-12,,,2009,1
SSA-DATES1.csv,1,6/1/2010,11/21/2008,11/21/2008,2008-11,4,2008-12,2009,2009-1,8,2008,2008-4,2008-12,,,2009,1
SSA-DATES1.csv,1,6/1/2010,11/28/2008,11/28/2008,2008-11,4,2008-12,2009,2009-1,9,2008,2008-4,2008-12,,,2009,1
SSA-DATES1.csv,1,6/1/2010,12/5/2008,12/5/2008,2008-12,4,2008-12,2009,2009-1,10,2008,2008-4,2008-12,,,2009,1
SSA-DATES1.csv,1,6/1/2010,12/12/2008,12/12/2008,2008-12,4,2008-12,2009,2009-1,11,2008,2008-4,2008-12,,,2009,1
SSA-DATES1.csv,1,6/1/2010,12/19/2008,12/19/2008,2008-12,4,2008-12,2009,2009-1,12,2008,2008-4,2008-12,,,2009,1
SSA-DATES1.csv,1,6/1/2010,12/26/2008,12/26/2008,2008-12,4,2008-12,2009,2009-1,13,2008,2008-4,2008-12,,,2009,1
SSA-DATES1.csv,1,6/1/2010,1/2/2009,1/2/2009,2009-01,5,2009-03,2009,2009-2,14,2009,2009-1,2009-03,,,2009,2
SSA-DATES1.csv,1,6/1/2010,1/9/2009,1/9/2009,2009-01,5,2009-03,2009,2009-2,15,2009,2009-1,2009-03,,,2009,2
SSA-DATES1.csv,1,6/1/2010,1/16/2009,1/16/2009,2009-01,5,2009-03,2009,2009-2,16,2009,2009-1,2009-03,,,2009,2
SSA-DATES1.csv,1,6/1/2010,1/23/2009,1/23/2009,2009-01,5,2009-03,2009,2009-2,17,2009,2009-1,2009-03,,,2009,2
SSA-DATES1.csv,1,6/1/2010,1/30/2009,1/30/2009,2009-01,5,2009-03,2009,2009-2,18,2009,2009-1,2009-03,,,2009,2
SSA-DATES1.csv,1,6/1/2010,2/6/2009,2/6/2009,2009-02,4,2009-03,2009,2009-2,19,2009,2009-1,2009-03,,,2009,2
SSA-DATES1.csv,1,6/1/2010,2/13/2009,2/13/2009,2009-02,4,2009-03,2009,2009-2,20,2009,2009-1,2009-03,,,2009,2
SSA-DATES1.csv,1,6/1/2010,2/20/2009,2/20/2009,2009-02,4,2009-03,2009,2009-2,21,2009,2009-1,2009-03,,,2009,2
SSA-DATES1.csv,1,6/1/2010,2/27/2009,2/27/2009,2009-02,4,2009-03,2009,2009-2,22,2009,2009-1,2009-03,,,2009,2
SSA-DATES1.csv,1,6/1/2010,3/6/2009,3/6/2009,2009-03,4,2009-03,2009,2009-2,23,2009,2009-1,2009-03,,,2009,2
SSA-DATES1.csv,1,6/1/2010,3/13/2009,3/13/2009,2009-03,4,2009-03,2009,2009-2,24,2009,2009-1,2009-03,,,2009,2
SSA-DATES1.csv,1,6/1/2010,3/20/2009,3/20/2009,2009-03,4,2009-03,2009,2009-2,25,2009,2009-1,2009-03,,,2009,2
SSA-DATES1.csv,1,6/1/2010,3/27/2009,3/27/2009,2009-03,4,2009-03,2009,2009-2,26,2009,2009-1,2009-03,,,2009,2
SSA-DATES1.csv,1,6/1/2010,4/3/2009,4/3/2009,2009-04,4,2009-06,2009,2009-3,27,2009,2009-2,2009-06,,,2009,3
SSA-DATES1.csv,1,6/1/2010,4/10/2009,4/10/2009,2009-04,4,2009-06,2009,2009-3,28,2009,2009-2,2009-06,,,2009,3
SSA-DATES1.csv,1,6/1/2010,4/17/2009,4/17/2009,2009-04,4,2009-06,2009,2009-3,29,2009,2009-2,2009-06,,,2009,3
SSA-DATES1.csv,1,6/1/2010,4/24/2009,4/24/2009,2009-04,4,2009-06,2009,2009-3,30,2009,2009-2,2009-06,,,2009,3
SSA-DATES1.csv,1,6/1/2010,5/1/2009,5/1/2009,2009-05,5,2009-06,2009,2009-3,31,2009,2009-2,2009-06,,,2009,3
SSA-DATES1.csv,1,6/1/2010,5/8/2009,5/8/2009,2009-05,5,2009-06,2009,2009-3,32,2009,2009-2,2009-06,,,2009,3
SSA-DATES1.csv,1,6/1/2010,5/15/2009,5/15/2009,2009-05,5,2009-06,2009,2009-3,33,2009,2009-2,2009-06,,,2009,3
SSA-DATES1.csv,1,6/1/2010,5/22/2009,5/22/2009,2009-05,5,2009-06,2009,2009-3,34,2009,2009-2,2009-06,,,2009,3
SSA-DATES1.csv,1,6/1/2010,5/29/2009,5/29/2009,2009-05,5,2009-06,2009,2009-3,35,2009,2009-2,2009-06,,,2009,3
SSA-DATES1.csv,1,6/1/2010,6/5/2009,6/5/2009,2009-06,4,2009-06,2009,2009-3,36,2009,2009-2,2009-06,,,2009,3
SSA-DATES1.csv,1,6/1/2010,6/12/2009,6/12/2009,2009-06,4,2009-06,2009,2009-3,37,2009,2009-2,2009-06,,,2009,3
SSA-DATES1.csv,1,6/1/2010,6/19/2009,6/19/2009,2009-06,4,2009-06,2009,2009-3,38,2009,2009-2,2009-06,,,2009,3
SSA-DATES1.csv,1,6/1/2010,6/26/2009,6/26/2009,2009-06,4,2009-06,2009,2009-3,39,2009,2009-2,2009-06,,,2009,3
SSA-DATES1.csv,1,6/1/2010,7/3/2009,7/3/2009,2009-07,5,2009-09,2009,2009-4,40,2009,2009-3,2009-09,,,2009,4
SSA-DATES1.csv,1,6/1/2010,7/10/2009,7/10/2009,2009-07,5,2009-09,2009,2009-4,41,2009,2009-3,2009-09,,,2009,4
SSA-DATES1.csv,1,6/1/2010,7/17/2009,7/17/2009,2009-07,5,2009-09,2009,2009-4,42,2009,2009-3,2009-09,,,2009,4
SSA-DATES1.csv,1,6/1/2010,7/24/2009,7/24/2009,2009-07,5,2009-09,2009,2009-4,43,2009,2009-3,2009-09,,,2009,4
SSA-DATES1.csv,1,6/1/2010,7/31/2009,7/31/2009,2009-07,5,2009-09,2009,2009-4,44,2009,2009-3,2009-09,,,2009,4
SSA-DATES1.csv,1,6/1/2010,8/7/2009,8/7/2009,2009-08,4,2009-09,2009,2009-4,45,2009,2009-3,2009-09,,,2009,4
SSA-DATES1.csv,1,6/1/2010,8/14/2009,8/14/2009,2009-08,4,2009-09,2009,2009-4,46,2009,2009-3,2009-09,,,2009,4
SSA-DATES1.csv,1,6/1/2010,8/21/2009,8/21/2009,2009-08,4,2009-09,2009,2009-4,47,2009,2009-3,2009-09,,,2009,4
SSA-DATES1.csv,1,6/1/2010,8/28/2009,8/28/2009,2009-08,4,2009-09,2009,2009-4,48,2009,2009-3,2009-09,,,2009,4
SSA-DATES1.csv,1,6/1/2010,9/4/2009,9/4/2009,2009-09,4,2009-09,2009,2009-4,49,2009,2009-3,2009-09,,,2009,4
SSA-DATES1.csv,1,6/1/2010,9/11/2009,9/11/2009,2009-09,4,2009-09,2009,2009-4,50,2009,2009-3,2009-09,,,2009,4
SSA-DATES1.csv,1,6/1/2010,9/18/2009,9/18/2009,2009-09,4,2009-09,2009,2009-4,51,2009,2009-3,2009-09,,,2009,4
SSA-DATES1.csv,1,6/1/2010,9/25/2009,9/25/2009,2009-09,4,2009-09,2009,2009-4,52,2009,2009-3,2009-09,,,2009,4
SSA-DATES1.csv,1,6/1/2010,10/2/2009,10/2/2009,2009-10,5,2009-12,2010,2010-1,1,2009,2009-4,2009-12,,,2010,1
SSA-DATES1.csv,1,6/1/2010,10/9/2009,10/9/2009,2009-10,5,2009-12,2010,2010-1,2,2009,2009-4,2009-12,,,2010,1
SSA-DATES1.csv,1,6/1/2010,10/16/2009,10/16/2009,2009-10,5,2009-12,2010,2010-1,3,2009,2009-4,2009-12,,,2010,1
SSA-DATES1.csv,1,6/1/2010,10/23/2009,10/23/2009,2009-10,5,2009-12,2010,2010-1,4,2009,2009-4,2009-12,,,2010,1
SSA-DATES1.csv,1,6/1/2010,10/30/2009,10/30/2009,2009-10,5,2009-12,2010,2010-1,5,2009,2009-4,2009-12,,,2010,1
SSA-DATES1.csv,1,6/1/2010,11/6/2009,11/6/2009,2009-11,4,2009-12,2010,2010-1,6,2009,2009-4,2009-12,,,2010,1
SSA-DATES1.csv,1,6/1/2010,11/13/2009,11/13/2009,2009-11,4,2009-12,2010,2010-1,7,2009,2009-4,2009-12,,,2010,1
SSA-DATES1.csv,1,6/1/2010,11/20/2009,11/20/2009,2009-11,4,2009-12,2010,2010-1,8,2009,2009-4,2009-12,,,2010,1
SSA-DATES1.csv,1,6/1/2010,11/27/2009,11/27/2009,2009-11,4,2009-12,2010,2010-1,9,2009,2009-4,2009-12,,,2010,1
SSA-DATES1.csv,1,6/1/2010,12/4/2009,12/4/2009,2009-12,4,2009-12,2010,2010-1,10,2009,2009-4,2009-12,,,2010,1
SSA-DATES1.csv,1,6/1/2010,12/11/2009,12/11/2009,2009-12,4,2009-12,2010,2010-1,11,2009,2009-4,2009-12,,,2010,1
SSA-DATES1.csv,1,6/1/2010,12/18/2009,12/18/2009,2009-12,4,2009-12,2010,2010-1,12,2009,2009-4,2009-12,,,2010,1
SSA-DATES1.csv,1,6/1/2010,12/25/2009,12/25/2009,2009-12,4,2009-12,2010,2010-1,13,2009,2009-4,2009-12,,,2010,1
SSA-DATES1.csv,1,6/1/2010,1/1/2010,1/1/2010,2010-01,5,2010-03,2010,2010-2,14,2010,2010-1,2010-03,,,2010,2
SSA-DATES1.csv,1,6/1/2010,1/8/2010,1/8/2010,2010-01,5,2010-03,2010,2010-2,15,2010,2010-1,2010-03,,,2010,2
SSA-DATES1.csv,1,6/1/2010,1/15/2010,1/15/2010,2010-01,5,2010-03,2010,2010-2,16,2010,2010-1,2010-03,,,2010,2
SSA-DATES1.csv,1,6/1/2010,1/22/2010,1/22/2010,2010-01,5,2010-03,2010,2010-2,17,2010,2010-1,2010-03,,,2010,2
SSA-DATES1.csv,1,6/1/2010,1/29/2010,1/29/2010,2010-01,5,2010-03,2010,2010-2,18,2010,2010-1,2010-03,,,2010,2
SSA-DATES1.csv,1,6/1/2010,2/5/2010,2/5/2010,2010-02,4,2010-03,2010,2010-2,19,2010,2010-1,2010-03,,,2010,2
SSA-DATES1.csv,1,6/1/2010,2/12/2010,2/12/2010,2010-02,4,2010-03,2010,2010-2,20,2010,2010-1,2010-03,,,2010,2
SSA-DATES1.csv,1,6/1/2010,2/19/2010,2/19/2010,2010-02,4,2010-03,2010,2010-2,21,2010,2010-1,2010-03,,,2010,2
SSA-DATES1.csv,1,6/1/2010,2/26/2010,2/26/2010,2010-02,4,2010-03,2010,2010-2,22,2010,2010-1,2010-03,,,2010,2
SSA-DATES1.csv,1,6/1/2010,3/5/2010,3/5/2010,2010-03,4,2010-03,2010,2010-2,23,2010,2010-1,2010-03,,,2010,2
SSA-DATES1.csv,1,6/1/2010,3/12/2010,3/12/2010,2010-03,4,2010-03,2010,2010-2,24,2010,2010-1,2010-03,,,2010,2
SSA-DATES1.csv,1,6/1/2010,3/19/2010,3/19/2010,2010-03,4,2010-03,2010,2010-2,25,2010,2010-1,2010-03,,,2010,2
SSA-DATES1.csv,1,6/1/2010,3/26/2010,3/26/2010,2010-03,4,2010-03,2010,2010-2,26,2010,2010-1,2010-03,,,2010,2
SSA-DATES1.csv,1,6/1/2010,4/2/2010,4/2/2010,2010-04,5,2010-06,2010,2010-3,27,2010,2010-2,2010-06,,,2010,3
SSA-DATES1.csv,1,6/1/2010,4/9/2010,4/9/2010,2010-04,5,2010-06,2010,2010-3,28,2010,2010-2,2010-06,,,2010,3
SSA-DATES1.csv,1,6/1/2010,4/16/2010,4/16/2010,2010-04,5,2010-06,2010,2010-3,29,2010,2010-2,2010-06,,,2010,3
SSA-DATES1.csv,1,6/1/2010,4/23/2010,4/23/2010,2010-04,5,2010-06,2010,2010-3,30,2010,2010-2,2010-06,,,2010,3
SSA-DATES1.csv,1,6/1/2010,4/30/2010,4/30/2010,2010-04,5,2010-06,2010,2010-3,31,2010,2010-2,2010-06,,,2010,3
SSA-DATES1.csv,1,6/1/2010,5/7/2010,5/7/2010,2010-05,4,2010-06,2010,2010-3,32,2010,2010-2,2010-06,,,2010,3
SSA-DATES1.csv,1,6/1/2010,5/14/2010,5/14/2010,2010-05,4,2010-06,2010,2010-3,33,2010,2010-2,2010-06,,,2010,3
SSA-DATES1.csv,1,6/1/2010,5/21/2010,5/21/2010,2010-05,4,2010-06,2010,2010-3,34,2010,2010-2,2010-06,,,2010,3
SSA-DATES1.csv,1,6/1/2010,5/28/2010,5/28/2010,2010-05,4,2010-06,2010,2010-3,35,2010,2010-2,2010-06,,,2010,3
SSA-DATES1.csv,1,6/1/2010,6/4/2010,6/4/2010,2010-06,4,2010-06,2010,2010-3,36,2010,2010-2,2010-06,,,2010,3
SSA-DATES1.csv,1,6/1/2010,6/11/2010,6/11/2010,2010-06,4,2010-06,2010,2010-3,37,2010,2010-2,2010-06,,,2010,3
SSA-DATES1.csv,1,6/1/2010,6/18/2010,6/18/2010,2010-06,4,2010-06,2010,2010-3,38,2010,2010-2,2010-06,,,2010,3
SSA-DATES1.csv,1,6/1/2010,6/25/2010,6/25/2010,2010-06,4,2010-06,2010,2010-3,39,2010,2010-2,2010-06,,,2010,3
SSA-DATES1.csv,1,6/1/2010,7/2/2010,7/2/2010,2010-07,5,2010-09,2010,2010-4,40,2010,2010-3,2010-09,,,2010,4
SSA-DATES1.csv,1,6/1/2010,7/9/2010,7/9/2010,2010-07,5,2010-09,2010,2010-4,41,2010,2010-3,2010-09,,,2010,4
SSA-DATES1.csv,1,6/1/2010,7/16/2010,7/16/2010,2010-07,5,2010-09,2010,2010-4,42,2010,2010-3,2010-09,,,2010,4
SSA-DATES1.csv,1,6/1/2010,7/23/2010,7/23/2010,2010-07,5,2010-09,2010,2010-4,43,2010,2010-3,2010-09,,,2010,4
SSA-DATES1.csv,1,6/1/2010,7/30/2010,7/30/2010,2010-07,5,2010-09,2010,2010-4,44,2010,2010-3,2010-09,,,2010,4
SSA-DATES1.csv,1,6/1/2010,8/6/2010,8/6/2010,2010-08,4,2010-09,2010,2010-4,45,2010,2010-3,2010-09,,,2010,4
SSA-DATES1.csv,1,6/1/2010,8/13/2010,8/13/2010,2010-08,4,2010-09,2010,2010-4,46,2010,2010-3,2010-09,,,2010,4
SSA-DATES1.csv,1,6/1/2010,8/20/2010,8/20/2010,2010-08,4,2010-09,2010,2010-4,47,2010,2010-3,2010-09,,,2010,4
SSA-DATES1.csv,1,6/1/2010,8/27/2010,8/27/2010,2010-08,4,2010-09,2010,2010-4,48,2010,2010-3,2010-09,,,2010,4
SSA-DATES1.csv,1,6/1/2010,9/3/2010,9/3/2010,2010-09,4,2010-09,2010,2010-4,49,2010,2010-3,2010-09,,,2010,4
SSA-DATES1.csv,1,6/1/2010,9/10/2010,9/10/2010,2010-09,4,2010-09,2010,2010-4,50,2010,2010-3,2010-09,,,2010,4
SSA-DATES1.csv,1,6/1/2010,9/17/2010,9/17/2010,2010-09,4,2010-09,2010,2010-4,51,2010,2010-3,2010-09,,,2010,4
SSA-DATES1.csv,1,6/1/2010,9/24/2010,9/24/2010,2010-09,4,2010-09,2010,2010-4,52,2010,2010-3,2010-09,,,2010,4
SSA-DATES1.csv,1,6/1/2010,10/1/2010,10/1/2010,2010-10,5,2010-12,2011,2011-1,1,2010,2010-4,2010-12,,,2011,1
SSA-DATES1.csv,1,6/1/2010,10/8/2010,10/8/2010,2010-10,5,2010-12,2011,2011-1,2,2010,2010-4,2010-12,,,2011,1
SSA-DATES1.csv,1,6/1/2010,10/15/2010,10/15/2010,2010-10,5,2010-12,2011,2011-1,3,2010,2010-4,2010-12,,,2011,1
SSA-DATES1.csv,1,6/1/2010,10/22/2010,10/22/2010,2010-10,5,2010-12,2011,2011-1,4,2010,2010-4,2010-12,,,2011,1
SSA-DATES1.csv,1,6/1/2010,10/29/2010,10/29/2010,2010-10,5,2010-12,2011,2011-1,5,2010,2010-4,2010-12,,,2011,1
SSA-DATES1.csv,1,6/1/2010,11/5/2010,11/5/2010,2010-11,4,2010-12,2011,2011-1,6,2010,2010-4,2010-12,,,2011,1
SSA-DATES1.csv,1,6/1/2010,11/12/2010,11/12/2010,2010-11,4,2010-12,2011,2011-1,7,2010,2010-4,2010-12,,,2011,1
SSA-DATES1.csv,1,6/1/2010,11/19/2010,11/19/2010,2010-11,4,2010-12,2011,2011-1,8,2010,2010-4,2010-12,,,2011,1
SSA-DATES1.csv,1,6/1/2010,11/26/2010,11/26/2010,2010-11,4,2010-12,2011,2011-1,9,2010,2010-4,2010-12,,,2011,1
SSA-DATES1.csv,1,6/1/2010,12/3/2010,12/3/2010,2010-12,4,2010-12,2011,2011-1,10,2010,2010-4,2010-12,,,2011,1
SSA-DATES1.csv,1,6/1/2010,12/10/2010,12/10/2010,2010-12,4,2010-12,2011,2011-1,11,2010,2010-4,2010-12,,,2011,1
SSA-DATES1.csv,1,6/1/2010,12/17/2010,12/17/2010,2010-12,4,2010-12,2011,2011-1,12,2010,2010-4,2010-12,,,2011,1
SSA-DATES1.csv,1,6/1/2010,12/24/2010,12/24/2010,2010-12,4,2010-12,2011,2011-1,13,2010,2010-4,2010-12,"Monthly and quarterly datav keyed to 12/24/2010, not 12/31/2010.",,2011,1
SSA-DATES1.csv,1,6/1/2010,12/31/2010,12/31/2010,2011-01,5,2011-03,2011,2011-2,14,2010,2010-4,2010-12,Week ending 12/31/2010 counted in month 01/2011.,,2011,2
SSA-DATES1.csv,1,6/1/2010,1/7/2011,1/7/2011,2011-01,5,2011-03,2011,2011-2,15,2011,2011-1,2011-03,,,2011,2
SSA-DATES1.csv,1,6/1/2010,1/14/2011,1/14/2011,2011-01,5,2011-03,2011,2011-2,16,2011,2011-1,2011-03,,,2011,2
SSA-DATES1.csv,1,6/1/2010,1/21/2011,1/21/2011,2011-01,5,2011-03,2011,2011-2,17,2011,2011-1,2011-03,,,2011,2
SSA-DATES1.csv,1,6/1/2010,1/28/2011,1/28/2011,2011-01,5,2011-03,2011,2011-2,18,2011,2011-1,2011-03,,,2011,2
SSA-DATES1.csv,1,6/1/2010,2/4/2011,2/4/2011,2011-02,4,2011-03,2011,2011-2,19,2011,2011-1,2011-03,,,2011,2
SSA-DATES1.csv,1,6/1/2010,2/11/2011,2/11/2011,2011-02,4,2011-03,2011,2011-2,20,2011,2011-1,2011-03,,,2011,2
SSA-DATES1.csv,1,6/1/2010,2/18/2011,2/18/2011,2011-02,4,2011-03,2011,2011-2,21,2011,2011-1,2011-03,,,2011,2
SSA-DATES1.csv,1,6/1/2010,2/25/2011,2/25/2011,2011-02,4,2011-03,2011,2011-2,22,2011,2011-1,2011-03,,,2011,2
SSA-DATES1.csv,1,6/1/2010,3/4/2011,3/4/2011,2011-03,4,2011-03,2011,2011-2,23,2011,2011-1,2011-03,,,2011,2
SSA-DATES1.csv,1,6/1/2010,3/11/2011,3/11/2011,2011-03,4,2011-03,2011,2011-2,24,2011,2011-1,2011-03,,,2011,2
SSA-DATES1.csv,1,6/1/2010,3/18/2011,3/18/2011,2011-03,4,2011-03,2011,2011-2,25,2011,2011-1,2011-03,,,2011,2
SSA-DATES1.csv,1,6/1/2010,3/25/2011,3/25/2011,2011-03,4,2011-03,2011,2011-2,26,2011,2011-1,2011-03,,,2011,2
SSA-DATES1.csv,1,6/1/2010,4/1/2011,4/1/2011,2011-04,5,2011-06,2011,2011-3,27,2011,2011-2,2011-06,,,2011,3
SSA-DATES1.csv,1,6/1/2010,4/8/2011,4/8/2011,2011-04,5,2011-06,2011,2011-3,28,2011,2011-2,2011-06,,,2011,3
SSA-DATES1.csv,1,6/1/2010,4/15/2011,4/15/2011,2011-04,5,2011-06,2011,2011-3,29,2011,2011-2,2011-06,,,2011,3
SSA-DATES1.csv,1,6/1/2010,4/22/2011,4/22/2011,2011-04,5,2011-06,2011,2011-3,30,2011,2011-2,2011-06,,,2011,3
SSA-DATES1.csv,1,6/1/2010,4/29/2011,4/29/2011,2011-04,5,2011-06,2011,2011-3,31,2011,2011-2,2011-06,,,2011,3
SSA-DATES1.csv,1,6/1/2010,5/6/2011,5/6/2011,2011-05,4,2011-06,2011,2011-3,32,2011,2011-2,2011-06,,,2011,3
SSA-DATES1.csv,1,6/1/2010,5/13/2011,5/13/2011,2011-05,4,2011-06,2011,2011-3,33,2011,2011-2,2011-06,,,2011,3
SSA-DATES1.csv,1,6/1/2010,5/20/2011,5/20/2011,2011-05,4,2011-06,2011,2011-3,34,2011,2011-2,2011-06,,,2011,3
SSA-DATES1.csv,1,6/1/2010,5/27/2011,5/27/2011,2011-05,4,2011-06,2011,2011-3,35,2011,2011-2,2011-06,,,2011,3
SSA-DATES1.csv,1,6/1/2010,6/3/2011,6/3/2011,2011-06,4,2011-06,2011,2011-3,36,2011,2011-2,2011-06,,,2011,3
SSA-DATES1.csv,1,6/1/2010,6/10/2011,6/10/2011,2011-06,4,2011-06,2011,2011-3,37,2011,2011-2,2011-06,,,2011,3
SSA-DATES1.csv,1,6/1/2010,6/17/2011,6/17/2011,2011-06,4,2011-06,2011,2011-3,38,2011,2011-2,2011-06,,,2011,3
SSA-DATES1.csv,1,6/1/2010,6/24/2011,6/24/2011,2011-06,4,2011-06,2011,2011-3,39,2011,2011-2,2011-06,,,2011,3
SSA-DATES1.csv,1,6/1/2010,7/1/2011,7/1/2011,2011-07,5,2011-09,2011,2011-4,40,2011,2011-3,2011-09,,,2011,4
SSA-DATES1.csv,1,6/1/2010,7/8/2011,7/8/2011,2011-07,5,2011-09,2011,2011-4,41,2011,2011-3,2011-09,,,2011,4
SSA-DATES1.csv,1,6/1/2010,7/15/2011,7/15/2011,2011-07,5,2011-09,2011,2011-4,42,2011,2011-3,2011-09,,,2011,4
SSA-DATES1.csv,1,6/1/2010,7/22/2011,7/22/2011,2011-07,5,2011-09,2011,2011-4,43,2011,2011-3,2011-09,,,2011,4
SSA-DATES1.csv,1,6/1/2010,7/29/2011,7/29/2011,2011-07,5,2011-09,2011,2011-4,44,2011,2011-3,2011-09,,,2011,4
SSA-DATES1.csv,1,6/1/2010,8/5/2011,8/5/2011,2011-08,4,2011-09,2011,2011-4,45,2011,2011-3,2011-09,,,2011,4
SSA-DATES1.csv,1,6/1/2010,8/12/2011,8/12/2011,2011-08,4,2011-09,2011,2011-4,46,2011,2011-3,2011-09,,,2011,4
SSA-DATES1.csv,1,6/1/2010,8/19/2011,8/19/2011,2011-08,4,2011-09,2011,2011-4,47,2011,2011-3,2011-09,,,2011,4
SSA-DATES1.csv,1,6/1/2010,8/26/2011,8/26/2011,2011-08,4,2011-09,2011,2011-4,48,2011,2011-3,2011-09,,,2011,4
SSA-DATES1.csv,1,6/1/2010,9/2/2011,9/2/2011,2011-09,4,2011-09,2011,2011-4,49,2011,2011-3,2011-09,,,2011,4
SSA-DATES1.csv,1,6/1/2010,9/9/2011,9/9/2011,2011-09,4,2011-09,2011,2011-4,50,2011,2011-3,2011-09,,,2011,4
SSA-DATES1.csv,1,6/1/2010,9/16/2011,9/16/2011,2011-09,4,2011-09,2011,2011-4,51,2011,2011-3,2011-09,,,2011,4
SSA-DATES1.csv,1,6/1/2010,9/23/2011,9/23/2011,2011-09,4,2011-09,2011,2011-4,52,2011,2011-3,2011-09,"Monthly and quarterly data keyed to 9/23/11, not 9/30/11.",,2011,4
SSA-DATES1.csv,1,6/1/2010,9/30/2011,9/30/2011,,,,2011,,53,2011,2011-3,2011-09,Data for week 53 used only for fiscal year counts.,,,
SSA-DATES1.csv,1,6/1/2010,10/7/2011,10/7/2011,2011-10,4,2011-12,2012,2012-1,1,2011,2011-4,2011-12,,,2012,1
SSA-DATES1.csv,1,6/1/2010,10/14/2011,10/14/2011,2011-10,4,2011-12,2012,2012-1,2,2011,2011-4,2011-12,,,2012,1
SSA-DATES1.csv,1,6/1/2010,10/21/2011,10/21/2011,2011-10,4,2011-12,2012,2012-1,3,2011,2011-4,2011-12,,,2012,1
SSA-DATES1.csv,1,6/1/2010,10/28/2011,10/28/2011,2011-10,4,2011-12,2012,2012-1,4,2011,2011-4,2011-12,,,2012,1
SSA-DATES1.csv,1,6/1/2010,11/4/2011,11/4/2011,2011-11,4,2011-12,2012,2012-1,5,2011,2011-4,2011-12,,,2012,1
SSA-DATES1.csv,1,6/1/2010,11/11/2011,11/11/2011,2011-11,4,2011-12,2012,2012-1,6,2011,2011-4,2011-12,,,2012,1
SSA-DATES1.csv,1,6/1/2010,11/18/2011,11/18/2011,2011-11,4,2011-12,2012,2012-1,7,2011,2011-4,2011-12,,,2012,1
SSA-DATES1.csv,1,6/1/2010,11/25/2011,11/25/2011,2011-11,4,2011-12,2012,2012-1,8,2011,2011-4,2011-12,,,2012,1
SSA-DATES1.csv,1,6/1/2010,12/2/2011,12/2/2011,2011-12,5,2011-12,2012,2012-1,9,2011,2011-4,2011-12,,,2012,1
SSA-DATES1.csv,1,6/1/2010,12/9/2011,12/9/2011,2011-12,5,2011-12,2012,2012-1,10,2011,2011-4,2011-12,,,2012,1
SSA-DATES1.csv,1,6/1/2010,12/16/2011,12/16/2011,2011-12,5,2011-12,2012,2012-1,11,2011,2011-4,2011-12,,,2012,1
SSA-DATES1.csv,1,6/1/2010,12/23/2011,12/23/2011,2011-12,5,2011-12,2012,2012-1,12,2011,2011-4,2011-12,,,2012,1
SSA-DATES1.csv,1,6/1/2010,12/30/2011,12/30/2011,2011-12,5,2011-12,2012,2012-1,13,2011,2011-4,2011-12,,,2012,1
SSA-DATES1.csv,1,6/1/2010,1/6/2012,1/6/2012,2012-01,4,2012-03,2012,2012-2,14,2012,2012-1,2012-03,,,2012,2
SSA-DATES1.csv,1,6/1/2010,1/13/2012,1/13/2012,2012-01,4,2012-03,2012,2012-2,15,2012,2012-1,2012-03,,,2012,2
SSA-DATES1.csv,1,6/1/2010,1/20/2012,1/20/2012,2012-01,4,2012-03,2012,2012-2,16,2012,2012-1,2012-03,,,2012,2
SSA-DATES1.csv,1,6/1/2010,1/27/2012,1/27/2012,2012-01,4,2012-03,2012,2012-2,17,2012,2012-1,2012-03,,,2012,2
SSA-DATES1.csv,1,6/1/2010,2/3/2012,2/3/2012,2012-02,4,2012-03,2012,2012-2,18,2012,2012-1,2012-03,,,2012,2
SSA-DATES1.csv,1,6/1/2010,2/10/2012,2/10/2012,2012-02,4,2012-03,2012,2012-2,19,2012,2012-1,2012-03,,,2012,2
SSA-DATES1.csv,1,6/1/2010,2/17/2012,2/17/2012,2012-02,4,2012-03,2012,2012-2,20,2012,2012-1,2012-03,,,2012,2
SSA-DATES1.csv,1,6/1/2010,2/24/2012,2/24/2012,2012-02,4,2012-03,2012,2012-2,21,2012,2012-1,2012-03,,,2012,2
SSA-DATES1.csv,1,6/1/2010,3/2/2012,3/2/2012,2012-03,5,2012-03,2012,2012-2,22,2012,2012-1,2012-03,,,2012,2
SSA-DATES1.csv,1,6/1/2010,3/9/2012,3/9/2012,2012-03,5,2012-03,2012,2012-2,23,2012,2012-1,2012-03,,,2012,2
SSA-DATES1.csv,1,6/1/2010,3/16/2012,3/16/2012,2012-03,5,2012-03,2012,2012-2,24,2012,2012-1,2012-03,,,2012,2
SSA-DATES1.csv,1,6/1/2010,3/23/2012,3/23/2012,2012-03,5,2012-03,2012,2012-2,25,2012,2012-1,2012-03,,,2012,2
SSA-DATES1.csv,1,6/1/2010,3/30/2012,3/30/2012,2012-03,5,2012-03,2012,2012-2,26,2012,2012-1,2012-03,,,2012,2
SSA-DATES1.csv,1,6/1/2010,4/6/2012,4/6/2012,2012-04,4,2012-06,2012,2012-3,27,2012,2012-2,2012-06,,,2012,3
SSA-DATES1.csv,1,6/1/2010,4/13/2012,4/13/2012,2012-04,4,2012-06,2012,2012-3,28,2012,2012-2,2012-06,,,2012,3
SSA-DATES1.csv,1,6/1/2010,4/20/2012,4/20/2012,2012-04,4,2012-06,2012,2012-3,29,2012,2012-2,2012-06,,,2012,3
SSA-DATES1.csv,1,6/1/2010,4/27/2012,4/27/2012,2012-04,4,2012-06,2012,2012-3,30,2012,2012-2,2012-06,,,2012,3
SSA-DATES1.csv,1,6/1/2010,5/4/2012,5/4/2012,2012-05,4,2012-06,2012,2012-3,31,2012,2012-2,2012-06,,,2012,3
SSA-DATES1.csv,1,6/1/2010,5/11/2012,5/11/2012,2012-05,4,2012-06,2012,2012-3,32,2012,2012-2,2012-06,,,2012,3
SSA-DATES1.csv,1,6/1/2010,5/18/2012,5/18/2012,2012-05,4,2012-06,2012,2012-3,33,2012,2012-2,2012-06,,,2012,3
SSA-DATES1.csv,1,6/1/2010,5/25/2012,5/25/2012,2012-05,4,2012-06,2012,2012-3,34,2012,2012-2,2012-06,,,2012,3
SSA-DATES1.csv,1,6/1/2010,6/1/2012,6/1/2012,2012-06,5,2012-06,2012,2012-3,35,2012,2012-2,2012-06,,,2012,3
SSA-DATES1.csv,1,6/1/2010,6/8/2012,6/8/2012,2012-06,5,2012-06,2012,2012-3,36,2012,2012-2,2012-06,,,2012,3
SSA-DATES1.csv,1,6/1/2010,6/15/2012,6/15/2012,2012-06,5,2012-06,2012,2012-3,37,2012,2012-2,2012-06,,,2012,3
SSA-DATES1.csv,1,6/1/2010,6/22/2012,6/22/2012,2012-06,5,2012-06,2012,2012-3,38,2012,2012-2,2012-06,,,2012,3
SSA-DATES1.csv,1,6/1/2010,6/29/2012,6/29/2012,2012-06,5,2012-06,2012,2012-3,39,2012,2012-2,2012-06,,,2012,3
SSA-DATES1.csv,1,6/1/2010,7/6/2012,7/6/2012,2012-07,4,2012-09,2012,2012-4,40,2012,2012-3,2012-09,,,2012,4
SSA-DATES1.csv,1,6/1/2010,7/13/2012,7/13/2012,2012-07,4,2012-09,2012,2012-4,41,2012,2012-3,2012-09,,,2012,4
SSA-DATES1.csv,1,6/1/2010,7/20/2012,7/20/2012,2012-07,4,2012-09,2012,2012-4,42,2012,2012-3,2012-09,,,2012,4
SSA-DATES1.csv,1,6/1/2010,7/27/2012,7/27/2012,2012-07,4,2012-09,2012,2012-4,43,2012,2012-3,2012-09,,,2012,4
SSA-DATES1.csv,1,6/1/2010,8/3/2012,8/3/2012,2012-08,5,2012-09,2012,2012-4,44,2012,2012-3,2012-09,,,2012,4
SSA-DATES1.csv,1,6/1/2010,8/10/2012,8/10/2012,2012-08,5,2012-09,2012,2012-4,45,2012,2012-3,2012-09,,,2012,4
SSA-DATES1.csv,1,6/1/2010,8/17/2012,8/17/2012,2012-08,5,2012-09,2012,2012-4,46,2012,2012-3,2012-09,,,2012,4
SSA-DATES1.csv,1,6/1/2010,8/24/2012,8/24/2012,2012-08,5,2012-09,2012,2012-4,47,2012,2012-3,2012-09,,,2012,4
SSA-DATES1.csv,1,6/1/2010,8/31/2012,8/31/2012,2012-08,5,2012-09,2012,2012-4,48,2012,2012-3,2012-09,,,2012,4
SSA-DATES1.csv,1,6/1/2010,9/7/2012,9/7/2012,2012-09,4,2012-09,2012,2012-4,49,2012,2012-3,2012-09,,,2012,4
SSA-DATES1.csv,1,6/1/2010,9/14/2012,9/14/2012,2012-09,4,2012-09,2012,2012-4,50,2012,2012-3,2012-09,,,2012,4
SSA-DATES1.csv,1,6/1/2010,9/21/2012,9/21/2012,2012-09,4,2012-09,2012,2012-4,51,2012,2012-3,2012-09,,,2012,4
SSA-DATES1.csv,1,6/1/2010,9/28/2012,9/28/2012,2012-09,4,2012-09,2012,2012-4,52,2012,2012-3,2012-09,,,2012,4
SSA-DATES1.csv,1,6/1/2010,10/5/2012,10/5/2012,2012-10,4,2012-12,2013,2013-1,1,2012,2012-4,2012-12,,,2013,1
SSA-DATES1.csv,1,6/1/2010,10/12/2012,10/12/2012,2012-10,4,2012-12,2013,2013-1,2,2012,2012-4,2012-12,,,2013,1
SSA-DATES1.csv,1,6/1/2010,10/19/2012,10/19/2012,2012-10,4,2012-12,2013,2013-1,3,2012,2012-4,2012-12,,,2013,1
SSA-DATES1.csv,1,6/1/2010,10/26/2012,10/26/2012,2012-10,4,2012-12,2013,2013-1,4,2012,2012-4,2012-12,,,2013,1
SSA-DATES1.csv,1,6/1/2010,11/2/2012,11/2/2012,2012-11,5,2012-12,2013,2013-1,5,2012,2012-4,2012-12,,,2013,1
SSA-DATES1.csv,1,6/1/2010,11/9/2012,11/9/2012,2012-11,5,2012-12,2013,2013-1,6,2012,2012-4,2012-12,,,2013,1
SSA-DATES1.csv,1,6/1/2010,11/16/2012,11/16/2012,2012-11,5,2012-12,2013,2013-1,7,2012,2012-4,2012-12,,,2013,1
SSA-DATES1.csv,1,6/1/2010,11/23/2012,11/23/2012,2012-11,5,2012-12,2013,2013-1,8,2012,2012-4,2012-12,,,2013,1
SSA-DATES1.csv,1,6/1/2010,11/30/2012,11/30/2012,2012-11,5,2012-12,2013,2013-1,9,2012,2012-4,2012-12,,,2013,1
SSA-DATES1.csv,1,6/1/2010,12/7/2012,12/7/2012,2012-12,4,2012-12,2013,2013-1,10,2012,2012-4,2012-12,,,2013,1
SSA-DATES1.csv,1,6/1/2010,12/14/2012,12/14/2012,2012-12,4,2012-12,2013,2013-1,11,2012,2012-4,2012-12,,,2013,1
SSA-DATES1.csv,1,6/1/2010,12/21/2012,12/21/2012,2012-12,4,2012-12,2013,2013-1,12,2012,2012-4,2012-12,,,2013,1
SSA-DATES1.csv,1,6/1/2010,12/28/2012,12/28/2012,2012-12,4,2012-12,2013,2013-1,13,2012,2012-4,2012-12,,,2013,1
SSA-DATES1.csv,1,6/1/2010,1/4/2013,1/4/2013,2013-01,4,2013-03,2013,2013-2,14,2013,2013-1,2013-03,,,2013,2
SSA-DATES1.csv,1,6/1/2010,1/11/2013,1/11/2013,2013-01,4,2013-03,2013,2013-2,15,2013,2013-1,2013-03,,,2013,2
SSA-DATES1.csv,1,6/1/2010,1/18/2013,1/18/2013,2013-01,4,2013-03,2013,2013-2,16,2013,2013-1,2013-03,,,2013,2
SSA-DATES1.csv,1,6/1/2010,1/25/2013,1/25/2013,2013-01,4,2013-03,2013,2013-2,17,2013,2013-1,2013-03,,,2013,2
SSA-DATES1.csv,1,6/1/2010,2/1/2013,2/1/2013,2013-02,4,2013-03,2013,2013-2,18,2013,2013-1,2013-03,,,2013,2
SSA-DATES1.csv,1,6/1/2010,2/8/2013,2/8/2013,2013-02,4,2013-03,2013,2013-2,19,2013,2013-1,2013-03,,,2013,2
SSA-DATES1.csv,1,6/1/2010,2/15/2013,2/15/2013,2013-02,4,2013-03,2013,2013-2,20,2013,2013-1,2013-03,,,2013,2
SSA-DATES1.csv,1,6/1/2010,2/22/2013,2/22/2013,2013-02,4,2013-03,2013,2013-2,21,2013,2013-1,2013-03,,,2013,2
SSA-DATES1.csv,1,6/1/2010,3/1/2013,3/1/2013,2013-03,5,2013-03,2013,2013-2,22,2013,2013-1,2013-03,,,2013,2
SSA-DATES1.csv,1,6/1/2010,3/8/2013,3/8/2013,2013-03,5,2013-03,2013,2013-2,23,2013,2013-1,2013-03,,,2013,2
SSA-DATES1.csv,1,6/1/2010,3/15/2013,3/15/2013,2013-03,5,2013-03,2013,2013-2,24,2013,2013-1,2013-03,,,2013,2
SSA-DATES1.csv,1,6/1/2010,3/22/2013,3/22/2013,2013-03,5,2013-03,2013,2013-2,25,2013,2013-1,2013-03,,,2013,2
SSA-DATES1.csv,1,6/1/2010,3/29/2013,3/29/2013,2013-03,5,2013-03,2013,2013-2,26,2013,2013-1,2013-03,,,2013,2
SSA-DATES1.csv,1,6/1/2010,4/5/2013,4/5/2013,2013-04,4,2013-06,2013,2013-3,27,2013,2013-2,2013-06,,,2013,3
SSA-DATES1.csv,1,6/1/2010,4/12/2013,4/12/2013,2013-04,4,2013-06,2013,2013-3,28,2013,2013-2,2013-06,,,2013,3
SSA-DATES1.csv,1,6/1/2010,4/19/2013,4/19/2013,2013-04,4,2013-06,2013,2013-3,29,2013,2013-2,2013-06,,,2013,3
SSA-DATES1.csv,1,6/1/2010,4/26/2013,4/26/2013,2013-04,4,2013-06,2013,2013-3,30,2013,2013-2,2013-06,,,2013,3
SSA-DATES1.csv,1,6/1/2010,5/3/2013,5/3/2013,2013-05,5,2013-06,2013,2013-3,31,2013,2013-2,2013-06,,,2013,3
SSA-DATES1.csv,1,6/1/2010,5/10/2013,5/10/2013,2013-05,5,2013-06,2013,2013-3,32,2013,2013-2,2013-06,,,2013,3
SSA-DATES1.csv,1,6/1/2010,5/17/2013,5/17/2013,2013-05,5,2013-06,2013,2013-3,33,2013,2013-2,2013-06,,,2013,3
SSA-DATES1.csv,1,6/1/2010,5/24/2013,5/24/2013,2013-05,5,2013-06,2013,2013-3,34,2013,2013-2,2013-06,,,2013,3
SSA-DATES1.csv,1,6/1/2010,5/31/2013,5/31/2013,2013-05,5,2013-06,2013,2013-3,35,2013,2013-2,2013-06,,,2013,3
SSA-DATES1.csv,1,6/1/2010,6/7/2013,6/7/2013,2013-06,4,2013-06,2013,2013-3,36,2013,2013-2,2013-06,,,2013,3
SSA-DATES1.csv,1,6/1/2010,6/14/2013,6/14/2013,2013-06,4,2013-06,2013,2013-3,37,2013,2013-2,2013-06,,,2013,3
SSA-DATES1.csv,1,6/1/2010,6/21/2013,6/21/2013,2013-06,4,2013-06,2013,2013-3,38,2013,2013-2,2013-06,,,2013,3
SSA-DATES1.csv,1,6/1/2010,6/28/2013,6/28/2013,2013-06,4,2013-06,2013,2013-3,39,2013,2013-2,2013-06,,,2013,3
SSA-DATES1.csv,1,6/1/2010,7/5/2013,7/5/2013,2013-07,4,2013-09,2013,2013-4,40,2013,2013-3,2013-09,,,2013,4
SSA-DATES1.csv,1,6/1/2010,7/12/2013,7/12/2013,2013-07,4,2013-09,2013,2013-4,41,2013,2013-3,2013-09,,,2013,4
SSA-DATES1.csv,1,6/1/2010,7/19/2013,7/19/2013,2013-07,4,2013-09,2013,2013-4,42,2013,2013-3,2013-09,,,2013,4
SSA-DATES1.csv,1,6/1/2010,7/26/2013,7/26/2013,2013-07,4,2013-09,2013,2013-4,43,2013,2013-3,2013-09,,,2013,4
SSA-DATES1.csv,1,6/1/2010,8/2/2013,8/2/2013,2013-08,5,2013-09,2013,2013-4,44,2013,2013-3,2013-09,,,2013,4
SSA-DATES1.csv,1,6/1/2010,8/9/2013,8/9/2013,2013-08,5,2013-09,2013,2013-4,45,2013,2013-3,2013-09,,,2013,4
SSA-DATES1.csv,1,6/1/2010,8/16/2013,8/16/2013,2013-08,5,2013-09,2013,2013-4,46,2013,2013-3,2013-09,,,2013,4
SSA-DATES1.csv,1,6/1/2010,8/23/2013,8/23/2013,2013-08,5,2013-09,2013,2013-4,47,2013,2013-3,2013-09,,,2013,4
SSA-DATES1.csv,1,6/1/2010,8/30/2013,8/30/2013,2013-08,5,2013-09,2013,2013-4,48,2013,2013-3,2013-09,,,2013,4
SSA-DATES1.csv,1,6/1/2010,9/6/2013,9/6/2013,2013-09,4,2013-09,2013,2013-4,49,2013,2013-3,2013-09,,,2013,4
SSA-DATES1.csv,1,6/1/2010,9/13/2013,9/13/2013,2013-09,4,2013-09,2013,2013-4,50,2013,2013-3,2013-09,,,2013,4
SSA-DATES1.csv,1,6/1/2010,9/20/2013,9/20/2013,2013-09,4,2013-09,2013,2013-4,51,2013,2013-3,2013-09,,,2013,4
SSA-DATES1.csv,1,6/1/2010,9/27/2013,9/27/2013,2013-09,4,2013-09,2013,2013-4,52,2013,2013-3,2013-09,,,2013,4
SSA-DATES1.csv,1,6/1/2010,10/4/2013,10/4/2013,2013-10,4,2013-12,2014,2014-1,1,2013,2013-4,2013-12,,,2014,1
SSA-DATES1.csv,1,6/1/2010,10/11/2013,10/11/2013,2013-10,4,2013-12,2014,2014-1,2,2013,2013-4,2013-12,,,2014,1
SSA-DATES1.csv,1,6/1/2010,10/18/2013,10/18/2013,2013-10,4,2013-12,2014,2014-1,3,2013,2013-4,2013-12,,,2014,1
SSA-DATES1.csv,1,6/1/2010,10/25/2013,10/25/2013,2013-10,4,2013-12,2014,2014-1,4,2013,2013-4,2013-12,,,2014,1
SSA-DATES1.csv,1,6/1/2010,11/1/2013,11/1/2013,2013-11,5,2013-12,2014,2014-1,5,2013,2013-4,2013-12,,,2014,1
SSA-DATES1.csv,1,6/1/2010,11/8/2013,11/8/2013,2013-11,5,2013-12,2014,2014-1,6,2013,2013-4,2013-12,,,2014,1
SSA-DATES1.csv,1,6/1/2010,11/15/2013,11/15/2013,2013-11,5,2013-12,2014,2014-1,7,2013,2013-4,2013-12,,,2014,1
SSA-DATES1.csv,1,6/1/2010,11/22/2013,11/22/2013,2013-11,5,2013-12,2014,2014-1,8,2013,2013-4,2013-12,,,2014,1
SSA-DATES1.csv,1,6/1/2010,11/29/2013,11/29/2013,2013-11,5,2013-12,2014,2014-1,9,2013,2013-4,2013-12,,,2014,1
SSA-DATES1.csv,1,6/1/2010,12/6/2013,12/6/2013,2013-12,4,2013-12,2014,2014-1,10,2013,2013-4,2013-12,,,2014,1
SSA-DATES1.csv,1,6/1/2010,12/13/2013,12/13/2013,2013-12,4,2013-12,2014,2014-1,11,2013,2013-4,2013-12,,,2014,1
SSA-DATES1.csv,1,6/1/2010,12/20/2013,12/20/2013,2013-12,4,2013-12,2014,2014-1,12,2013,2013-4,2013-12,,,2014,1
SSA-DATES1.csv,1,6/1/2010,12/27/2013,12/27/2013,2013-12,4,2013-12,2014,2014-1,13,2013,2013-4,2013-12,,,2014,1
SSA-DATES1.csv,1,6/1/2010,1/3/2014,1/3/2014,2014-01,5,2014-03,2014,2014-2,14,2014,2014-1,2014-03,,,2014,2
SSA-DATES1.csv,1,6/1/2010,1/10/2014,1/10/2014,2014-01,5,2014-03,2014,2014-2,15,2014,2014-1,2014-03,,,2014,2
SSA-DATES1.csv,1,6/1/2010,1/17/2014,1/17/2014,2014-01,5,2014-03,2014,2014-2,16,2014,2014-1,2014-03,,,2014,2
SSA-DATES1.csv,1,6/1/2010,1/24/2014,1/24/2014,2014-01,5,2014-03,2014,2014-2,17,2014,2014-1,2014-03,,,2014,2
SSA-DATES1.csv,1,6/1/2010,1/31/2014,1/31/2014,2014-01,5,2014-03,2014,2014-2,18,2014,2014-1,2014-03,,,2014,2
SSA-DATES1.csv,1,6/1/2010,2/7/2014,2/7/2014,2014-02,4,2014-03,2014,2014-2,19,2014,2014-1,2014-03,,,2014,2
SSA-DATES1.csv,1,6/1/2010,2/14/2014,2/14/2014,2014-02,4,2014-03,2014,2014-2,20,2014,2014-1,2014-03,,,2014,2
SSA-DATES1.csv,1,6/1/2010,2/21/2014,2/21/2014,2014-02,4,2014-03,2014,2014-2,21,2014,2014-1,2014-03,,,2014,2
SSA-DATES1.csv,1,6/1/2010,2/28/2014,2/28/2014,2014-02,4,2014-03,2014,2014-2,22,2014,2014-1,2014-03,,,2014,2
SSA-DATES1.csv,1,6/1/2010,3/7/2014,3/7/2014,2014-03,4,2014-03,2014,2014-2,23,2014,2014-1,2014-03,,,2014,2
SSA-DATES1.csv,1,6/1/2010,3/14/2014,3/14/2014,2014-03,4,2014-03,2014,2014-2,24,2014,2014-1,2014-03,,,2014,2
SSA-DATES1.csv,1,6/1/2010,3/21/2014,3/21/2014,2014-03,4,2014-03,2014,2014-2,25,2014,2014-1,2014-03,,,2014,2
SSA-DATES1.csv,1,6/1/2010,3/28/2014,3/28/2014,2014-03,4,2014-03,2014,2014-2,26,2014,2014-1,2014-03,,,2014,2
SSA-DATES1.csv,1,6/1/2010,4/4/2014,4/4/2014,2014-04,4,2014-06,2014,2014-3,27,2014,2014-2,2014-06,,,2014,3
SSA-DATES1.csv,1,6/1/2010,4/11/2014,4/11/2014,2014-04,4,2014-06,2014,2014-3,28,2014,2014-2,2014-06,,,2014,3
SSA-DATES1.csv,1,6/1/2010,4/18/2014,4/18/2014,2014-04,4,2014-06,2014,2014-3,29,2014,2014-2,2014-06,,,2014,3
SSA-DATES1.csv,1,6/1/2010,4/25/2014,4/25/2014,2014-04,4,2014-06,2014,2014-3,30,2014,2014-2,2014-06,,,2014,3
SSA-DATES1.csv,1,6/1/2010,5/2/2014,5/2/2014,2014-05,5,2014-06,2014,2014-3,31,2014,2014-2,2014-06,,,2014,3
SSA-DATES1.csv,1,6/1/2010,5/9/2014,5/9/2014,2014-05,5,2014-06,2014,2014-3,32,2014,2014-2,2014-06,,,2014,3
SSA-DATES1.csv,1,6/1/2010,5/16/2014,5/16/2014,2014-05,5,2014-06,2014,2014-3,33,2014,2014-2,2014-06,,,2014,3
SSA-DATES1.csv,1,6/1/2010,5/23/2014,5/23/2014,2014-05,5,2014-06,2014,2014-3,34,2014,2014-2,2014-06,,,2014,3
SSA-DATES1.csv,1,6/1/2010,5/30/2014,5/30/2014,2014-05,5,2014-06,2014,2014-3,35,2014,2014-2,2014-06,,,2014,3
SSA-DATES1.csv,1,6/1/2010,6/6/2014,6/6/2014,2014-06,4,2014-06,2014,2014-3,36,2014,2014-2,2014-06,,,2014,3
SSA-DATES1.csv,1,6/1/2010,6/13/2014,6/13/2014,2014-06,4,2014-06,2014,2014-3,37,2014,2014-2,2014-06,,,2014,3
SSA-DATES1.csv,1,6/1/2010,6/20/2014,6/20/2014,2014-06,4,2014-06,2014,2014-3,38,2014,2014-2,2014-06,,,2014,3
SSA-DATES1.csv,1,6/1/2010,6/27/2014,6/27/2014,2014-06,4,2014-06,2014,2014-3,39,2014,2014-2,2014-06,,,2014,3
SSA-DATES1.csv,1,6/1/2010,7/4/2014,7/4/2014,2014-07,4,2014-09,2014,2014-4,40,2014,2014-3,2014-09,,,2014,4
SSA-DATES1.csv,1,6/1/2010,7/11/2014,7/11/2014,2014-07,4,2014-09,2014,2014-4,41,2014,2014-3,2014-09,,,2014,4
SSA-DATES1.csv,1,6/1/2010,7/18/2014,7/18/2014,2014-07,4,2014-09,2014,2014-4,42,2014,2014-3,2014-09,,,2014,4
SSA-DATES1.csv,1,6/1/2010,7/25/2014,7/25/2014,2014-07,4,2014-09,2014,2014-4,43,2014,2014-3,2014-09,,,2014,4
SSA-DATES1.csv,1,6/1/2010,8/1/2014,8/1/2014,2014-08,5,2014-09,2014,2014-4,44,2014,2014-3,2014-09,,,2014,4
SSA-DATES1.csv,1,6/1/2010,8/8/2014,8/8/2014,2014-08,5,2014-09,2014,2014-4,45,2014,2014-3,2014-09,,,2014,4
SSA-DATES1.csv,1,6/1/2010,8/15/2014,8/15/2014,2014-08,5,2014-09,2014,2014-4,46,2014,2014-3,2014-09,,,2014,4
SSA-DATES1.csv,1,6/1/2010,8/22/2014,8/22/2014,2014-08,5,2014-09,2014,2014-4,47,2014,2014-3,2014-09,,,2014,4
SSA-DATES1.csv,1,6/1/2010,8/29/2014,8/29/2014,2014-08,5,2014-09,2014,2014-4,48,2014,2014-3,2014-09,,,2014,4
SSA-DATES1.csv,1,6/1/2010,9/5/2014,9/5/2014,2014-09,4,2014-09,2014,2014-4,49,2014,2014-3,2014-09,,,2014,4
SSA-DATES1.csv,1,6/1/2010,9/12/2014,9/12/2014,2014-09,4,2014-09,2014,2014-4,50,2014,2014-3,2014-09,,,2014,4
SSA-DATES1.csv,1,6/1/2010,9/19/2014,9/19/2014,2014-09,4,2014-09,2014,2014-4,51,2014,2014-3,2014-09,,,2014,4
SSA-DATES1.csv,1,6/1/2010,9/26/2014,9/26/2014,2014-09,4,2014-09,2014,2014-4,52,2014,2014-3,2014-09,,,2014,4
SSA-DATES1.csv,1,6/1/2010,10/3/2014,10/3/2014,2014-10,5,2014-12,2015,2015-1,1,2014,2014-4,2014-12,,,2015,1
SSA-DATES1.csv,1,6/1/2010,10/10/2014,10/10/2014,2014-10,5,2014-12,2015,2015-1,2,2014,2014-4,2014-12,,,2015,1
SSA-DATES1.csv,1,6/1/2010,10/17/2014,10/17/2014,2014-10,5,2014-12,2015,2015-1,3,2014,2014-4,2014-12,,,2015,1
SSA-DATES1.csv,1,6/1/2010,10/24/2014,10/24/2014,2014-10,5,2014-12,2015,2015-1,4,2014,2014-4,2014-12,,,2015,1
SSA-DATES1.csv,1,6/1/2010,10/31/2014,10/31/2014,2014-10,5,2014-12,2015,2015-1,5,2014,2014-4,2014-12,,,2015,1
SSA-DATES1.csv,1,6/1/2010,11/7/2014,11/7/2014,2014-11,4,2014-12,2015,2015-1,6,2014,2014-4,2014-12,,,2015,1
SSA-DATES1.csv,1,6/1/2010,11/14/2014,11/14/2014,2014-11,4,2014-12,2015,2015-1,7,2014,2014-4,2014-12,,,2015,1
SSA-DATES1.csv,1,6/1/2010,11/21/2014,11/21/2014,2014-11,4,2014-12,2015,2015-1,8,2014,2014-4,2014-12,,,2015,1
SSA-DATES1.csv,1,6/1/2010,11/28/2014,11/28/2014,2014-11,4,2014-12,2015,2015-1,9,2014,2014-4,2014-12,,,2015,1
SSA-DATES1.csv,1,6/1/2010,12/5/2014,12/5/2014,2014-12,4,2014-12,2015,2015-1,10,2014,2014-4,2014-12,,,2015,1
SSA-DATES1.csv,1,6/1/2010,12/12/2014,12/12/2014,2014-12,4,2014-12,2015,2015-1,11,2014,2014-4,2014-12,,,2015,1
SSA-DATES1.csv,1,6/1/2010,12/19/2014,12/19/2014,2014-12,4,2014-12,2015,2015-1,12,2014,2014-4,2014-12,,,2015,1
SSA-DATES1.csv,1,6/1/2010,12/26/2014,12/26/2014,2014-12,4,2014-12,2015,2015-1,13,2014,2014-4,2014-12,,,2015,1
SSA-DATES1.csv,1,6/1/2010,1/2/2015,1/2/2015,2015-01,5,2015-03,2015,2015-2,14,2015,2015-1,2015-03,,,2015,2
SSA-DATES1.csv,1,6/1/2010,1/9/2015,1/9/2015,2015-01,5,2015-03,2015,2015-2,15,2015,2015-1,2015-03,,,2015,2
SSA-DATES1.csv,1,6/1/2010,1/16/2015,1/16/2015,2015-01,5,2015-03,2015,2015-2,16,2015,2015-1,2015-03,,,2015,2
SSA-DATES1.csv,1,6/1/2010,1/23/2015,1/23/2015,2015-01,5,2015-03,2015,2015-2,17,2015,2015-1,2015-03,,,2015,2
SSA-DATES1.csv,1,6/1/2010,1/30/2015,1/30/2015,2015-01,5,2015-03,2015,2015-2,18,2015,2015-1,2015-03,,,2015,2
SSA-DATES1.csv,1,6/1/2010,2/6/2015,2/6/2015,2015-02,4,2015-03,2015,2015-2,19,2015,2015-1,2015-03,,,2015,2
SSA-DATES1.csv,1,6/1/2010,2/13/2015,2/13/2015,2015-02,4,2015-03,2015,2015-2,20,2015,2015-1,2015-03,,,2015,2
SSA-DATES1.csv,1,6/1/2010,2/20/2015,2/20/2015,2015-02,4,2015-03,2015,2015-2,21,2015,2015-1,2015-03,,,2015,2
SSA-DATES1.csv,1,6/1/2010,2/27/2015,2/27/2015,2015-02,4,2015-03,2015,2015-2,22,2015,2015-1,2015-03,,,2015,2
SSA-DATES1.csv,1,6/1/2010,3/6/2015,3/6/2015,2015-03,4,2015-03,2015,2015-2,23,2015,2015-1,2015-03,,,2015,2
SSA-DATES1.csv,1,6/1/2010,3/13/2015,3/13/2015,2015-03,4,2015-03,2015,2015-2,24,2015,2015-1,2015-03,,,2015,2
SSA-DATES1.csv,1,6/1/2010,3/20/2015,3/20/2015,2015-03,4,2015-03,2015,2015-2,25,2015,2015-1,2015-03,,,2015,2
SSA-DATES1.csv,1,6/1/2010,3/27/2015,3/27/2015,2015-03,4,2015-03,2015,2015-2,26,2015,2015-1,2015-03,,,2015,2
SSA-DATES1.csv,1,6/1/2010,4/3/2015,4/3/2015,2015-04,4,2015-06,2015,2015-3,27,2015,2015-2,2015-06,,,2015,3
SSA-DATES1.csv,1,6/1/2010,4/10/2015,4/10/2015,2015-04,4,2015-06,2015,2015-3,28,2015,2015-2,2015-06,,,2015,3
SSA-DATES1.csv,1,6/1/2010,4/17/2015,4/17/2015,2015-04,4,2015-06,2015,2015-3,29,2015,2015-2,2015-06,,,2015,3
SSA-DATES1.csv,1,6/1/2010,4/24/2015,4/24/2015,2015-04,4,2015-06,2015,2015-3,30,2015,2015-2,2015-06,,,2015,3
SSA-DATES1.csv,1,6/1/2010,5/1/2015,5/1/2015,2015-05,5,2015-06,2015,2015-3,31,2015,2015-2,2015-06,,,2015,3
SSA-DATES1.csv,1,6/1/2010,5/8/2015,5/8/2015,2015-05,5,2015-06,2015,2015-3,32,2015,2015-2,2015-06,,,2015,3
SSA-DATES1.csv,1,6/1/2010,5/15/2015,5/15/2015,2015-05,5,2015-06,2015,2015-3,33,2015,2015-2,2015-06,,,2015,3
SSA-DATES1.csv,1,6/1/2010,5/22/2015,5/22/2015,2015-05,5,2015-06,2015,2015-3,34,2015,2015-2,2015-06,,,2015,3
SSA-DATES1.csv,1,6/1/2010,5/29/2015,5/29/2015,2015-05,5,2015-06,2015,2015-3,35,2015,2015-2,2015-06,,,2015,3
SSA-DATES1.csv,1,6/1/2010,6/5/2015,6/5/2015,2015-06,4,2015-06,2015,2015-3,36,2015,2015-2,2015-06,,,2015,3
SSA-DATES1.csv,1,6/1/2010,6/12/2015,6/12/2015,2015-06,4,2015-06,2015,2015-3,37,2015,2015-2,2015-06,,,2015,3
SSA-DATES1.csv,1,6/1/2010,6/19/2015,6/19/2015,2015-06,4,2015-06,2015,2015-3,38,2015,2015-2,2015-06,,,2015,3
SSA-DATES1.csv,1,6/1/2010,6/26/2015,6/26/2015,2015-06,4,2015-06,2015,2015-3,39,2015,2015-2,2015-06,,,2015,3
SSA-DATES1.csv,1,6/1/2010,7/3/2015,7/3/2015,2015-07,5,2015-09,2015,2015-4,40,2015,2015-3,2015-09,,,2015,4
SSA-DATES1.csv,1,6/1/2010,7/10/2015,7/10/2015,2015-07,5,2015-09,2015,2015-4,41,2015,2015-3,2015-09,,,2015,4
SSA-DATES1.csv,1,6/1/2010,7/17/2015,7/17/2015,2015-07,5,2015-09,2015,2015-4,42,2015,2015-3,2015-09,,,2015,4
SSA-DATES1.csv,1,6/1/2010,7/24/2015,7/24/2015,2015-07,5,2015-09,2015,2015-4,43,2015,2015-3,2015-09,,,2015,4
SSA-DATES1.csv,1,6/1/2010,7/31/2015,7/31/2015,2015-07,5,2015-09,2015,2015-4,44,2015,2015-3,2015-09,,,2015,4
SSA-DATES1.csv,1,6/1/2010,8/7/2015,8/7/2015,2015-08,4,2015-09,2015,2015-4,45,2015,2015-3,2015-09,,,2015,4
SSA-DATES1.csv,1,6/1/2010,8/14/2015,8/14/2015,2015-08,4,2015-09,2015,2015-4,46,2015,2015-3,2015-09,,,2015,4
SSA-DATES1.csv,1,6/1/2010,8/21/2015,8/21/2015,2015-08,4,2015-09,2015,2015-4,47,2015,2015-3,2015-09,,,2015,4
SSA-DATES1.csv,1,6/1/2010,8/28/2015,8/28/2015,2015-08,4,2015-09,2015,2015-4,48,2015,2015-3,2015-09,,,2015,4
SSA-DATES1.csv,1,6/1/2010,9/4/2015,9/4/2015,2015-09,4,2015-09,2015,2015-4,49,2015,2015-3,2015-09,,,2015,4
SSA-DATES1.csv,1,6/1/2010,9/11/2015,9/11/2015,2015-09,4,2015-09,2015,2015-4,50,2015,2015-3,2015-09,,,2015,4
SSA-DATES1.csv,1,6/1/2010,9/18/2015,9/18/2015,2015-09,4,2015-09,2015,2015-4,51,2015,2015-3,2015-09,,,2015,4
SSA-DATES1.csv,1,6/1/2010,9/25/2015,9/25/2015,2015-09,4,2015-09,2015,2015-4,52,2015,2015-3,2015-09,,,2015,4
SSA-DATES1.csv,,,,,2015-10,5,,,,,,,,,,,
SSA-DATES1.csv,,,,,2015-11,4,,,,,,,,,,,
SSA-DATES1.csv,,,,,2015-12,4,,,,,,,,,,,
SSA-DATES1.csv,,,,,2016-01,5,,,,,,,,,,,
SSA-DATES1.csv,,,,,2016-02,4,,,,,,,,,,,
SSA-DATES1.csv,,,,,2016-03,4,,,,,,,,,,,
SSA-DATES1.csv,,,,,2016-04,5,,,,,,,,,,,
SSA-DATES1.csv,,,,,2016-05,4,,,,,,,,,,,
SSA-DATES1.csv,,,,,2016-06,4,,,,,,,,,,,
SSA-DATES1.csv,,,,,2016-07,5,,,,,,,,,,,
SSA-DATES1.csv,,,,,2016-08,4,,,,,,,,,,,
SSA-DATES1.csv,,,,,2016-09,5,,,,,,,,,,,
SSA-DATES1.csv,,,,,2016-10,4,,,,,,,,,,,
SSA-DATES1.csv,,,,,2016-11,4,,,,,,,,,,,
SSA-DATES1.csv,,,,,2016-12,5,,,,,,,,,,,
SSA-DATES1.csv,,,,,2017-01,4,,,,,,,,,,,
SSA-DATES1.csv,,,,,2017-02,4,,,,,,,,,,,
SSA-DATES1.csv,,,,,2017-03,5,,,,,,,,,,,
SSA-DATES1.csv,,,,,2017-04,4,,,,,,,,,,,
SSA-DATES1.csv,,,,,2017-05,4,,,,,,,,,,,
SSA-DATES1.csv,,,,,2017-06,5,,,,,,,,,,,
SSA-DATES1.csv,,,,,2017-07,4,,,,,,,,,,,
SSA-DATES1.csv,,,,,2017-08,4,,,,,,,,,,,
SSA-DATES1.csv,,,,,2017-09,5,,,,,,,,,,,
SSA-DATES1.csv,,,,,2017-10,4,,,,,,,,,,,
SSA-DATES1.csv,,,,,2017-11,4,,,,,,,,,,,
SSA-DATES1.csv,,,,,2017-12,5,,,,,,,,,,,
SSA-DATES1.csv,,,,,2018-01,4,,,,,,,,,,,
SSA-DATES1.csv,,,,,2018-02,4,,,,,,,,,,,
SSA-DATES1.csv,,,,,2018-03,5,,,,,,,,,,,
SSA-DATES1.csv,,,,,2018-04,4,,,,,,,,,,,
SSA-DATES1.csv,,,,,2018-05,4,,,,,,,,,,,
SSA-DATES1.csv,,,,,2018-06,5,,,,,,,,,,,
SSA-DATES1.csv,,,,,2018-07,4,,,,,,,,,,,
SSA-DATES1.csv,,,,,2018-08,5,,,,,,,,,,,
SSA-DATES1.csv,,,,,2018-09,4,,,,,,,,,,,
SSA-DATES1.csv,,,,,2018-10,4,,,,,,,,,,,
SSA-DATES1.csv,,,,,2018-11,5,,,,,,,,,,,
SSA-DATES1.csv,,,,,2018-12,4,,,,,,,,,,,
SSA-DATES1.csv,,,,,2019-01,4,,,,,,,,,,,
SSA-DATES1.csv,,,,,2019-02,4,,,,,,,,,,,
SSA-DATES1.csv,,,,,2019-03,5,,,,,,,,,,,
SSA-DATES1.csv,,,,,2019-04,4,,,,,,,,,,,
SSA-DATES1.csv,,,,,2019-05,5,,,,,,,,,,,
SSA-DATES1.csv,,,,,2019-06,4,,,,,,,,,,,
SSA-DATES1.csv,,,,,2019-07,4,,,,,,,,,,,
SSA-DATES1.csv,,,,,2019-08,5,,,,,,,,,,,
SSA-DATES1.csv,,,,,2019-09,4,,,,,,,,,,,
SSA-DATES1.csv,,,,,2019-10,4,,,,,,,,,,,
SSA-DATES1.csv,,,,,2019-11,5,,,,,,,,,,,
SSA-DATES1.csv,,,,,2019-12,4,,,,,,,,,,,
